date,volume,open,high,low,close,adjclose
2020-07-02,2200,36.138999938964844,36.189998626708984,36.130001068115234,36.18299865722656,36.18299865722656
2020-07-01,4700,35.790000915527344,36.08000183105469,35.790000915527344,36.08000183105469,36.08000183105469
2020-06-30,3100,36.05500030517578,36.154998779296875,35.029998779296875,36.12699890136719,35.965999603271484
2020-06-29,100,36.00400161743164,36.00400161743164,36.00400161743164,36.00400161743164,35.84354782104492
2020-06-26,3300,35.97999954223633,36.040000915527344,35.900001525878906,36.040000915527344,35.87938690185547
2020-06-25,1100,35.849998474121094,36.26499938964844,35.849998474121094,36.26499938964844,36.1033821105957
2020-06-24,1100,35.900001525878906,36.47600173950195,35.900001525878906,36.29499816894531,36.13324737548828
2020-06-23,900,36.61000061035156,36.64400100708008,36.61000061035156,36.64400100708008,36.48069763183594
2020-06-22,400,36.625,36.66999816894531,36.60100173950195,36.66999816894531,36.50657653808594
2020-06-19,2100,37.59000015258789,37.59000015258789,36.59000015258789,36.70800018310547,36.544410705566406
2020-06-18,1900,36.65999984741211,36.75,36.61000061035156,36.698001861572266,36.53445816040039
2020-06-17,100,36.79899978637695,36.79899978637695,36.79899978637695,36.79899978637695,36.635005950927734
2020-06-16,3200,37.15999984741211,37.15999984741211,36.63999938964844,36.755001068115234,36.59120178222656
2020-06-15,600,36.012001037597656,36.375999450683594,36.012001037597656,36.375999450683594,36.213890075683594
2020-06-12,7700,37,38,35.790000915527344,36.32400131225586,36.1621208190918
2020-06-11,3800,36.4900016784668,36.4900016784668,36.13999938964844,36.13999938964844,35.978939056396484
2020-06-10,23000,36.99800109863281,37.05500030517578,36.0099983215332,37.02000045776367,36.855018615722656
2020-06-09,600,37.15999984741211,37.15999984741211,37.15999984741211,37.15999984741211,36.9943962097168
2020-06-08,11700,36.994998931884766,37.255001068115234,36.87200164794922,37.255001068115234,37.08897399902344
2020-06-05,1100,37,37,36.93000030517578,36.93000030517578,36.76542282104492
2020-06-04,1300,36.279998779296875,36.66999816894531,36.279998779296875,36.51900100708008,36.35625457763672
2020-06-03,9000,36.54999923706055,36.599998474121094,36,36.5,36.337337493896484
2020-06-02,900,36.2400016784668,36.2400016784668,36.112998962402344,36.23400115966797,36.07252502441406
2020-06-01,3000,35.91999816894531,36.06999969482422,35.790000915527344,35.790000915527344,35.63050079345703
2020-05-29,500,36.03499984741211,36.07899856567383,35.9900016784668,36.07899856567383,35.765892028808594
2020-05-28,1000,36.18000030517578,36.18000030517578,36,36,35.68758010864258
2020-05-27,2900,35.65999984741211,35.97999954223633,35.65999984741211,35.95000076293945,35.63801574707031
2020-05-26,3900,35.77000045776367,35.77000045776367,35.65999984741211,35.67399978637695,35.364410400390625
2020-05-22,4300,35.709999084472656,35.709999084472656,34.970001220703125,35.31800079345703,35.01150131225586
2020-05-21,2000,35.439998626708984,35.439998626708984,35.279998779296875,35.279998779296875,34.97382736206055
2020-05-20,3600,34.98899841308594,35.279998779296875,34.380001068115234,35.279998779296875,34.97382736206055
2020-05-19,5700,34.97999954223633,35.042999267578125,34.22999954223633,35.0369987487793,34.73293685913086
2020-05-18,300,35.099998474121094,35.099998474121094,35.099998474121094,35.099998474121094,34.795387268066406
2020-05-15,1500,34.415000915527344,34.41999816894531,34.415000915527344,34.41999816894531,34.12128829956055
2020-05-14,500,34.20000076293945,34.48400115966797,34.20000076293945,34.48400115966797,34.18473815917969
2020-05-13,1800,34.59000015258789,34.599998474121094,34.22999954223633,34.49300003051758,34.19365692138672
2020-05-12,1200,34.96900177001953,34.96900177001953,34.779998779296875,34.779998779296875,34.47816848754883
2020-05-11,1200,34.869998931884766,34.94499969482422,34.61000061035156,34.94499969482422,34.64173889160156
2020-05-08,5100,34.91999816894531,34.94499969482422,34.85499954223633,34.94499969482422,34.64173889160156
2020-05-07,2800,34.73899841308594,34.73899841308594,34.36000061035156,34.59700012207031,34.2967529296875
2020-05-06,7400,34.650001525878906,34.6609992980957,33.80799865722656,34.2400016784668,33.94285583496094
2020-05-05,10800,34.529998779296875,34.66999816894531,34.290000915527344,34.59000015258789,34.289817810058594
2020-05-04,3400,34.34000015258789,34.48500061035156,34.33000183105469,34.44599914550781,34.147064208984375
2020-05-01,5500,34.67499923706055,34.67499923706055,34.529998779296875,34.529998779296875,34.2303352355957
2020-04-30,1400,35.04999923706055,35.04999923706055,34.900001525878906,34.94499969482422,34.48907470703125
2020-04-28,4400,34.7400016784668,34.9010009765625,34.7400016784668,34.75299835205078,34.29957580566406
2020-04-27,5400,34.349998474121094,34.5,34.349998474121094,34.46099853515625,34.01138687133789
2020-04-24,400,34.16999816894531,34.29100036621094,34.16999816894531,34.29100036621094,33.843605041503906
2020-04-23,3100,34.22999954223633,34.33000183105469,34.09000015258789,34.27899932861328,33.83176040649414
2020-04-22,4600,34.04999923706055,34.33000183105469,34.04999923706055,34.33000183105469,33.88209533691406
2020-04-21,6700,33.779998779296875,34.130001068115234,33.779998779296875,33.95000076293945,33.50705337524414
2020-04-20,3200,34.2400016784668,34.5890007019043,34.2400016784668,34.5099983215332,34.05974578857422
2020-04-17,1900,34.84000015258789,34.84000015258789,34.63199996948242,34.80500030517578,34.35090255737305
2020-04-16,4500,34.400001525878906,34.40800094604492,34.30500030517578,34.38999938964844,33.941314697265625
2020-04-15,2400,34.064998626708984,34.47999954223633,34.064998626708984,34.380001068115234,33.93144607543945
2020-04-14,2200,34.34000015258789,34.529998779296875,34.20000076293945,34.529998779296875,34.07948303222656
2020-04-13,3400,33.904998779296875,34.25299835205078,33.709999084472656,33.849998474121094,33.40835952758789
2020-04-09,24400,33.630001068115234,34.38999938964844,33.630001068115234,34.345001220703125,33.89690399169922
2020-04-08,5300,32.8849983215332,33.36000061035156,32.8849983215332,33.36000061035156,32.92475128173828
2020-04-07,3400,32.76499938964844,32.92499923706055,32.76499938964844,32.77000045776367,32.34244918823242
2020-04-06,1800,32.58000183105469,32.58000183105469,32.10900115966797,32.38100051879883,31.958528518676758
2020-04-03,2400,31.700000762939453,31.700000762939453,31.559999465942383,31.695999145507812,31.282459259033203
2020-04-02,3000,31.610000610351562,31.889999389648438,31.600000381469727,31.805999755859375,31.391027450561523
2020-04-01,1800,32.459999084472656,32.540000915527344,31.649999618530273,31.889999389648438,31.47393035888672
2020-03-31,6400,32.70000076293945,33.04999923706055,32.290000915527344,32.290000915527344,31.711788177490234
2020-03-30,7400,32.10499954223633,33.15399932861328,32.10499954223633,32.70000076293945,32.114444732666016
2020-03-27,3700,32.2599983215332,32.2599983215332,31.610000610351562,31.9950008392334,31.422073364257812
2020-03-26,11800,30.149999618530273,32.11000061035156,30.149999618530273,32.11000061035156,31.535011291503906
2020-03-25,11900,30.170000076293945,31.187000274658203,30.170000076293945,31.049999237060547,30.493989944458008
2020-03-24,25800,28,30.809999465942383,28,30.709999084472656,30.160079956054688
2020-03-23,48800,28,29.538000106811523,28,29.31999969482422,28.79496955871582
2020-03-20,165600,30.6200008392334,31.243000030517578,29.31999969482422,29.920000076293945,29.384225845336914
2020-03-19,32500,31,31.336000442504883,30,30.540000915527344,29.99312400817871
2020-03-18,27600,32,32.529998779296875,31.219999313354492,32.099998474121094,31.525188446044922
2020-03-17,6800,33,33.000999450683594,32.78499984741211,32.99800109863281,32.40711212158203
2020-03-16,29000,33.52799987792969,33.926998138427734,33.06999969482422,33.12300109863281,32.52987289428711
2020-03-13,20700,34.654998779296875,35.25,34.542999267578125,35.25,34.61878204345703
2020-03-12,34000,34.84000015258789,35,33.0099983215332,34.18000030517578,33.56794738769531
2020-03-11,1500,36.152000427246094,36.220001220703125,36.040000915527344,36.040000915527344,35.39463806152344
2020-03-10,10100,36.560001373291016,36.779998779296875,36.349998474121094,36.77000045776367,36.11156463623047
2020-03-09,17000,36.099998474121094,36.69499969482422,33.5,36.29899978637695,35.64900207519531
2020-03-06,53500,38.32500076293945,38.36000061035156,38.099998474121094,38.25,37.5650634765625
2020-03-05,6100,39.058998107910156,39.058998107910156,38.736000061035156,38.736000061035156,38.0423583984375
2020-03-04,1600,39.630001068115234,39.630001068115234,38.97800064086914,39.20000076293945,38.498050689697266
2020-03-03,17300,39.029998779296875,39.09000015258789,38.93000030517578,38.93000030517578,38.23288345336914
2020-03-02,33100,38.512001037597656,39.290000915527344,38.441001892089844,38.959999084472656,38.26234436035156
2020-02-28,49800,38.970001220703125,38.970001220703125,38.06999969482422,38.54800033569336,37.70943069458008
2020-02-27,7100,39.41400146484375,39.4900016784668,39.15999984741211,39.15999984741211,38.30811309814453
2020-02-26,6200,39.97999954223633,40.04999923706055,39.86000061035156,39.86000061035156,38.99289321899414
2020-02-25,5200,40.38999938964844,40.38999938964844,39.88999938964844,39.88999938964844,39.02223205566406
2020-02-24,7300,41.08000183105469,41.08000183105469,40.31999969482422,40.31999969482422,39.4428825378418
2020-02-21,1700,40.80500030517578,40.88800048828125,40.77000045776367,40.810001373291016,39.92222595214844
2020-02-20,13700,41.220001220703125,41.220001220703125,40.83000183105469,40.970001220703125,40.078739166259766
2020-02-19,1500,40.92900085449219,41.029998779296875,40.92100143432617,40.939998626708984,40.04939651489258
2020-02-18,4800,40.97999954223633,40.97999954223633,40.77000045776367,40.88999938964844,40.00048065185547
2020-02-14,1900,40.95000076293945,40.95600128173828,40.902000427246094,40.94200134277344,40.05135726928711
2020-02-13,16700,40.97700119018555,41.36000061035156,40.89699935913086,40.95000076293945,40.05917739868164
2020-02-12,364700,40.869998931884766,41.040000915527344,40.816001892089844,40.96500015258789,40.073848724365234
2020-02-11,3400,40.97999954223633,41,40.92499923706055,40.94499969482422,40.054283142089844
2020-02-10,3500,40.83000183105469,40.83000183105469,40.76599884033203,40.797000885009766,39.909507751464844
2020-02-07,59300,41.150001525878906,41.25,40.75899887084961,40.79999923706055,39.91244125366211
2020-02-06,67700,40.95000076293945,41.16999816894531,40.69499969482422,40.84000015258789,39.95156478881836
2020-02-05,38400,40.880001068115234,41.040000915527344,40.64099884033203,40.75,39.863529205322266
2020-02-04,900,40.584999084472656,40.584999084472656,40.54999923706055,40.584999084472656,39.702117919921875
2020-02-03,3000,40.465999603271484,40.52000045776367,40.46200180053711,40.470001220703125,39.589622497558594
2020-01-31,11600,40.91999816894531,40.91999816894531,40.650001525878906,40.65999984741211,39.617008209228516
2020-01-30,3200,40.64699935913086,40.77000045776367,40.64699935913086,40.77000045776367,39.724185943603516
2020-01-29,51300,40.810001373291016,40.970001220703125,40.720001220703125,40.81999969482422,39.77290725708008
2020-01-28,13000,40.97999954223633,40.97999954223633,40.448001861572266,40.95000076293945,39.899574279785156
2020-01-27,13900,40.70000076293945,40.79999923706055,40.58000183105469,40.77000045776367,39.724185943603516
2020-01-24,4700,41.040000915527344,41.040000915527344,40.880001068115234,40.880001068115234,39.831363677978516
2020-01-23,5500,41.040000915527344,41.09000015258789,41.025001525878906,41.09000015258789,40.035980224609375
2020-01-22,2600,41.13199996948242,41.13199996948242,41.11800003051758,41.119998931884766,40.06520462036133
2020-01-21,4200,40.83000183105469,41.16999816894531,40.83000183105469,41.14400100708008,40.088592529296875
2020-01-17,3500,41.207000732421875,41.25,41.20199966430664,41.21099853515625,40.15387725830078
2020-01-16,3200,41.07500076293945,41.220001220703125,41.06800079345703,41.220001220703125,40.16264724731445
2020-01-15,3000,41.08000183105469,41.130001068115234,41.06999969482422,41.130001068115234,40.074951171875
2020-01-14,18200,41.05699920654297,41.25,41.029998779296875,41.2400016784668,40.18213653564453
2020-01-13,7500,40.948001861572266,41.099998474121094,40.948001861572266,41.099998474121094,40.045719146728516
2020-01-10,9700,41.016998291015625,41.11000061035156,40.9900016784668,41.11000061035156,40.05546951293945
2020-01-09,23300,41,41.34000015258789,40.91999816894531,40.97999954223633,39.92879867553711
2020-01-08,2700,40.31999969482422,41.04999923706055,40.31999969482422,41.040000915527344,39.987266540527344
2020-01-07,900,41.02399826049805,41.119998931884766,41.02399826049805,41.05500030517578,40.00187301635742
2020-01-06,9100,41.099998474121094,41.130001068115234,41.029998779296875,41.130001068115234,40.074951171875
2020-01-03,2900,41.09299850463867,41.09299850463867,41.06999969482422,41.0890007019043,40.035003662109375
2020-01-02,2300,41.040000915527344,41.130001068115234,41.034000396728516,41.130001068115234,40.074951171875
2019-12-31,3200,40.900001525878906,41,40.880001068115234,41,39.94828796386719
2019-12-30,19200,41.27000045776367,41.27000045776367,40.81999969482422,40.81999969482422,39.77290725708008
2019-12-27,3800,40.92300033569336,41.0099983215332,40.900001525878906,41.0099983215332,39.958030700683594
2019-12-26,8100,41.150001525878906,41.2599983215332,41.130001068115234,41.14899826049805,39.9141845703125
2019-12-24,2900,41.09700012207031,41.13999938964844,41.029998779296875,41.05099868774414,39.81912612915039
2019-12-23,1100,40.81999969482422,41.05099868774414,40.81999969482422,41.04999923706055,39.81815719604492
2019-12-20,3100,40.66999816894531,41.150001525878906,40.66999816894531,41.13999938964844,39.905452728271484
2019-12-19,3800,41.029998779296875,41.18000030517578,41.0260009765625,41.0260009765625,39.79487991333008
2019-12-18,5200,40.97800064086914,41.03900146484375,40.93000030517578,40.99599838256836,39.76577377319336
2019-12-17,3400,40.928001403808594,40.970001220703125,40.89799880981445,40.95199966430664,39.72309112548828
2019-12-16,2400,40.959999084472656,40.959999084472656,40.81999969482422,40.880001068115234,39.653255462646484
2019-12-13,600,40.770999908447266,40.81999969482422,40.77000045776367,40.77000045776367,39.54655456542969
2019-12-12,800,40.694000244140625,40.7599983215332,40.619998931884766,40.7599983215332,39.53685760498047
2019-12-11,2800,40.630001068115234,40.650001525878906,40.52000045776367,40.61199951171875,39.39330291748047
2019-12-10,3400,41,41,40.59600067138672,40.59600067138672,39.37777328491211
2019-12-09,1400,41,41,40.529998779296875,40.58000183105469,39.36226272583008
2019-12-06,3800,40.52000045776367,40.66899871826172,40.52000045776367,40.595001220703125,39.37681198120117
2019-12-05,5000,40.65999984741211,40.65999984741211,40.395999908447266,40.45000076293945,39.23616027832031
2019-12-04,11700,40.31999969482422,40.380001068115234,40.31999969482422,40.35900115966797,39.147891998291016
2019-12-03,4500,40.33000183105469,40.334999084472656,40.29999923706055,40.314998626708984,39.10520935058594
2019-12-02,1200,40.35900115966797,40.369998931884766,40.33000183105469,40.349998474121094,39.13916015625
2019-11-29,1000,40.606998443603516,40.619998931884766,40.584999084472656,40.619998931884766,39.229373931884766
2019-11-27,4900,40.61000061035156,40.650001525878906,40.56999969482422,40.6349983215332,39.24385070800781
2019-11-26,5900,40.560001373291016,40.560001373291016,40.529998779296875,40.55500030517578,39.166595458984375
2019-11-25,15200,40.507999420166016,40.599998474121094,40.459999084472656,40.47999954223633,39.09415817260742
2019-11-22,3700,40.41999816894531,40.47999954223633,40.34000015258789,40.47999954223633,39.09415817260742
2019-11-21,7000,40.40800094604492,40.45000076293945,40.31999969482422,40.36899948120117,38.98696517944336
2019-11-20,4400,40.4119987487793,40.45000076293945,40.39799880981445,40.402000427246094,39.01883316040039
2019-11-19,14000,40.529998779296875,40.529998779296875,40.29999923706055,40.44900131225586,39.06422424316406
2019-11-18,6100,40.56999969482422,40.56999969482422,40.5099983215332,40.53099822998047,39.14341735839844
2019-11-15,2500,40.51499938964844,40.566001892089844,40.49300003051758,40.516998291015625,39.1298942565918
2019-11-14,16200,40.41999816894531,40.47999954223633,40.36000061035156,40.44200134277344,39.057464599609375
2019-11-13,5400,40.36000061035156,40.459999084472656,40.35100173950195,40.43000030517578,39.04587173461914
2019-11-12,2600,40.39500045776367,40.400001525878906,40.375,40.39400100708008,39.011104583740234
2019-11-11,1300,40.38100051879883,40.38100051879883,40.375999450683594,40.380001068115234,38.997589111328125
2019-11-08,1200,40.400001525878906,40.439998626708984,40.3849983215332,40.3849983215332,39.00241470336914
2019-11-07,3500,40.380001068115234,40.5099983215332,40.380001068115234,40.41999816894531,39.036216735839844
2019-11-06,7200,40.349998474121094,40.45600128173828,40.349998474121094,40.41999816894531,39.036216735839844
2019-11-05,2100,40.47999954223633,40.47999954223633,40.404998779296875,40.40999984741211,39.02655792236328
2019-11-04,14200,40.45000076293945,40.45000076293945,40.400001525878906,40.40999984741211,39.02655792236328
2019-11-01,2900,40.31999969482422,40.345001220703125,40.27000045776367,40.345001220703125,38.96378707885742
2019-10-31,2800,40.439998626708984,40.439998626708984,40.284000396728516,40.29899978637695,38.7918815612793
2019-10-30,1300,40.5099983215332,40.5099983215332,40.34000015258789,40.349998474121094,38.84096908569336
2019-10-29,2700,40,40.45500183105469,40,40.395999908447266,38.88525390625
2019-10-28,400,40.358001708984375,40.404998779296875,40.358001708984375,40.404998779296875,38.89391326904297
2019-10-25,4700,40.255001068115234,40.369998931884766,40.255001068115234,40.31999969482422,38.812095642089844
2019-10-24,600,40.28499984741211,40.349998474121094,40.275001525878906,40.275001525878906,38.7687873840332
2019-10-23,3000,40.29100036621094,40.29100036621094,40.25899887084961,40.28499984741211,38.77840042114258
2019-10-22,5800,40.29999923706055,40.29999923706055,40.189998626708984,40.189998626708984,38.686954498291016
2019-10-21,5500,40.060001373291016,40.310001373291016,40.060001373291016,40.310001373291016,38.80247116088867
2019-10-18,9900,40.13999938964844,40.18299865722656,40.07400131225586,40.13999938964844,38.63882827758789
2019-10-17,202700,39.70000076293945,40.09000015258789,39.70000076293945,40.05500030517578,38.5570068359375
2019-10-16,4800,40.02899932861328,40.04999923706055,39.944000244140625,40.04999923706055,38.55219268798828
2019-10-15,10600,40.15999984741211,40.15999984741211,39.93600082397461,40,38.50406265258789
2019-10-14,1800,40.209999084472656,40.209999084472656,39.79999923706055,39.874000549316406,38.38277053833008
2019-10-11,2100,39.94900131225586,39.9900016784668,39.9119987487793,39.91999816894531,38.42704772949219
2019-10-10,4300,39.70000076293945,39.779998779296875,39.70000076293945,39.73899841308594,38.25282669067383
2019-10-09,600,39.775001525878906,39.77799987792969,39.72999954223633,39.72999954223633,38.24415969848633
2019-10-08,55600,39.64400100708008,39.75,39.58300018310547,39.65999984741211,38.17677688598633
2019-10-07,1600,39.900001525878906,39.90999984741211,39.79199981689453,39.81999969482422,38.33079528808594
2019-10-04,1800,39.79100036621094,39.869998931884766,39.79100036621094,39.827999114990234,38.33849334716797
2019-10-03,1400,39.970001220703125,39.970001220703125,39.619998931884766,39.689998626708984,38.205650329589844
2019-10-02,14300,39.880001068115234,39.880001068115234,39.67100143432617,39.84000015258789,38.35004806518555
2019-10-01,3300,40.0099983215332,40.029998779296875,40,40.029998779296875,38.53293991088867
2019-09-30,6500,40.18000030517578,40.25,40.17900085449219,40.20000076293945,38.54063415527344
2019-09-27,800,40.2400016784668,40.2400016784668,40.15599822998047,40.18000030517578,38.5214729309082
2019-09-26,12300,40.18199920654297,40.380001068115234,40.18199920654297,40.21500015258789,38.555023193359375
2019-09-25,2700,40.189998626708984,40.2599983215332,40.189998626708984,40.2599983215332,38.59816360473633
2019-09-24,2900,40.34000015258789,40.34000015258789,40.207000732421875,40.23500061035156,38.57419967651367
2019-09-23,700,40.3390007019043,40.3390007019043,40.30699920654297,40.30699920654297,38.64322280883789
2019-09-20,800,40.400001525878906,40.400001525878906,40.22999954223633,40.308998107910156,38.64513397216797
2019-09-19,12300,40.27000045776367,40.37799835205078,40.209999084472656,40.290000915527344,38.62692642211914
2019-09-18,2900,40.25,40.25,40.15999984741211,40.25,38.58857345581055
2019-09-17,209100,40.22999954223633,40.25,40.220001220703125,40.25,38.58857345581055
2019-09-13,4800,40.25,40.25,40.150001525878906,40.150001525878906,38.49271011352539
2019-09-12,1600,40.1879997253418,40.21900177001953,40.1879997253418,40.20000076293945,38.54063415527344
2019-09-11,1900,40.13600158691406,40.14500045776367,40.11800003051758,40.14500045776367,38.4879035949707
2019-09-10,4600,40.11000061035156,40.11000061035156,40.016998291015625,40.099998474121094,38.444766998291016
2019-09-09,17400,39.79999923706055,40.02000045776367,39.790000915527344,39.97999954223633,38.32971954345703
2019-09-06,16400,39.810001373291016,39.88999938964844,39.709999084472656,39.709999084472656,38.07086181640625
2019-09-05,2100,39.63999938964844,39.779998779296875,39.63999938964844,39.777000427246094,38.135101318359375
2019-09-04,8700,39.81999969482422,39.81999969482422,39.45000076293945,39.61000061035156,37.97499084472656
2019-09-03,32100,39.900001525878906,39.91999816894531,39.630001068115234,39.900001525878906,38.253021240234375
2019-08-30,2800,39.93600082397461,39.93600082397461,39.893001556396484,39.902000427246094,38.10441970825195
2019-08-29,3900,40.02000045776367,40.02000045776367,39.790000915527344,39.88999938964844,38.092960357666016
2019-08-28,200,39.6870002746582,39.6879997253418,39.6870002746582,39.6879997253418,37.90006637573242
2019-08-27,900,39.60100173950195,39.60100173950195,39.599998474121094,39.599998474121094,37.8160285949707
2019-08-26,3400,39.86000061035156,39.86000061035156,39.52000045776367,39.540000915527344,37.75873565673828
2019-08-23,6200,39.5,39.698001861572266,39.470001220703125,39.470001220703125,37.6918830871582
2019-08-22,7500,39.939998626708984,39.939998626708984,39.70000076293945,39.7859992980957,37.993648529052734
2019-08-21,61300,39.72999954223633,39.7400016784668,39.65800094604492,39.709999084472656,37.92106628417969
2019-08-20,5300,39.7400016784668,39.7400016784668,39.540000915527344,39.584999084472656,37.801700592041016
2019-08-19,3300,39.880001068115234,39.880001068115234,39.540000915527344,39.619998931884766,37.835121154785156
2019-08-16,3000,39.361000061035156,39.470001220703125,39.361000061035156,39.400001525878906,37.625038146972656
2019-08-15,2100,39.275001525878906,39.2859992980957,39.250999450683594,39.26900100708008,37.499935150146484
2019-08-14,119300,39.66999816894531,39.66999816894531,39.263999938964844,39.284000396728516,37.51426315307617
2019-08-13,165100,39.529998779296875,39.66999816894531,39.400001525878906,39.619998931884766,37.835121154785156
2019-08-12,13700,39.88999938964844,39.88999938964844,39.45000076293945,39.474998474121094,37.696659088134766
2019-08-09,1900,39.481998443603516,39.63999938964844,39.481998443603516,39.584999084472656,37.801700592041016
2019-08-08,4700,38.959999084472656,39.65999984741211,38.959999084472656,39.65999984741211,37.873329162597656
2019-08-07,600,39.540000915527344,39.540000915527344,39.35100173950195,39.35300064086914,37.58015441894531
2019-08-06,8500,39.779998779296875,39.779998779296875,39.4109992980957,39.52799987792969,37.74727249145508
2019-08-05,760500,39.959999084472656,39.959999084472656,39.349998474121094,39.470001220703125,37.6918830871582
2019-08-02,3200,39.858001708984375,39.858001708984375,39.858001708984375,39.858001708984375,38.06241226196289
2019-08-01,3400,41.06999969482422,41.06999969482422,39.83000183105469,39.85900115966797,38.0633659362793
2019-07-31,5800,40.39500045776367,40.39500045776367,40.34400177001953,40.34400177001953,38.363216400146484
2019-07-30,3600,40.349998474121094,40.428001403808594,40.332000732421875,40.39500045776367,38.41171646118164
2019-07-29,4300,40.35900115966797,40.41600036621094,40.35900115966797,40.40599822998047,38.42216873168945
2019-07-26,17500,40.345001220703125,40.345001220703125,40.29999923706055,40.32500076293945,38.345149993896484
2019-07-25,18800,40.279998779296875,40.290000915527344,40.22100067138672,40.244998931884766,38.26907730102539
2019-07-24,800,40.3390007019043,40.380001068115234,40.3390007019043,40.380001068115234,38.39744567871094
2019-07-23,14400,40.11000061035156,40.249000549316406,40.11000061035156,40.21500015258789,38.24055099487305
2019-07-22,1100,40.279998779296875,40.279998779296875,40.119998931884766,40.13999938964844,38.16923141479492
2019-07-19,1000,40.20199966430664,40.229000091552734,40.119998931884766,40.125999450683594,38.155921936035156
2019-07-18,3500,40.15999984741211,40.202999114990234,40.15999984741211,40.20000076293945,38.22628402709961
2019-07-17,7700,40.13999938964844,40.21900177001953,40.13999938964844,40.15700149536133,38.185394287109375
2019-07-16,18800,40.38999938964844,40.38999938964844,40.15800094604492,40.19200134277344,38.21867370605469
2019-07-15,800,40.47999954223633,40.47999954223633,40.189998626708984,40.189998626708984,38.21677780151367
2019-07-12,500,39.959999084472656,40.18600082397461,39.959999084472656,40.18600082397461,38.21297836303711
2019-07-11,800,40.137001037597656,40.137001037597656,40.13100051879883,40.13100051879883,38.160682678222656
2019-07-10,1900,41.060001373291016,41.060001373291016,40.040000915527344,40.15299987792969,38.18158721923828
2019-07-09,1800,40.007999420166016,40.11000061035156,40.007999420166016,40.11000061035156,38.14070510864258
2019-07-08,800,40.077999114990234,40.077999114990234,39.970001220703125,40.04999923706055,38.083648681640625
2019-07-05,1200,40.064998626708984,40.13999938964844,40.064998626708984,40.08100128173828,38.113128662109375
2019-07-03,3500,40.10200119018555,40.14500045776367,40.0620002746582,40.14500045776367,38.173980712890625
2019-07-02,14100,39.97999954223633,40.00299835205078,39.91999816894531,40.00299835205078,38.03895568847656
2019-07-01,5200,40.119998931884766,40.119998931884766,39.880001068115234,39.95899963378906,37.99711227416992
2019-06-28,15700,39.97700119018555,40.20000076293945,39.974998474121094,40.11000061035156,37.968589782714844
2019-06-27,14600,39.95199966430664,40.1150016784668,39.90999984741211,39.93000030517578,37.798187255859375
2019-06-26,42200,39.43000030517578,40.65299987792969,39.43000030517578,40.03799819946289,37.90043258666992
2019-06-25,1200,40.099998474121094,40.099998474121094,39.935001373291016,39.935001373291016,37.80293655395508
2019-06-24,4300,40.119998931884766,40.119998931884766,40.07099914550781,40.099998474121094,37.95912170410156
2019-06-21,3400,40.03799819946289,40.11000061035156,40.00400161743164,40.02000045776367,37.88339614868164
2019-06-20,60200,39.87699890136719,40.108001708984375,39.72999954223633,40.025001525878906,37.888126373291016
2019-06-19,74400,39.74100112915039,39.93000030517578,39.58000183105469,39.70899963378906,37.58899688720703
2019-06-18,23100,39.54999923706055,39.7599983215332,39.529998779296875,39.72999954223633,37.6088752746582
2019-06-17,834200,39.4900016784668,39.790000915527344,39.439998626708984,39.53499984741211,37.42428970336914
2019-06-14,60400,39.507999420166016,39.933998107910156,39.47999954223633,39.58300018310547,37.4697265625
2019-06-13,2300,39.55099868774414,39.560001373291016,39.5,39.560001373291016,37.44795227050781
2019-06-12,805100,39.849998474121094,41.83000183105469,39.41999816894531,39.41999816894531,37.315425872802734
2019-06-11,1600,39.470001220703125,39.624000549316406,39.470001220703125,39.60499954223633,37.490543365478516
2019-06-10,3700,39.40999984741211,39.599998474121094,39.40999984741211,39.599998474121094,37.485809326171875
2019-06-07,2400,39.310001373291016,39.43000030517578,39.310001373291016,39.43000030517578,37.324893951416016
2019-06-06,4100,39.27799987792969,39.349998474121094,39.2599983215332,39.29499816894531,37.19709396362305
2019-06-05,17400,39.209999084472656,39.459999084472656,39.20000076293945,39.2400016784668,37.14503479003906
2019-06-04,3100,39.08000183105469,39.38999938964844,39.06999969482422,39.16999816894531,37.078773498535156
2019-06-03,600,39.279998779296875,39.279998779296875,39.099998474121094,39.099998474121094,37.01251220703125
2019-05-31,3400,39.310001373291016,39.310001373291016,39.10300064086914,39.11000061035156,36.87430953979492
2019-05-30,1500,39.30400085449219,39.32699966430664,39.303001403808594,39.310001373291016,37.0628662109375
2019-05-29,2200,39.30699920654297,39.310001373291016,39.150001525878906,39.29999923706055,37.05344772338867
2019-05-28,800,39.4900016784668,39.4900016784668,39.446998596191406,39.446998596191406,37.192039489746094
2019-05-24,300,39.46799850463867,39.46799850463867,39.46799850463867,39.46799850463867,37.21184158325195
2019-05-23,500,39.334999084472656,39.345001220703125,39.334999084472656,39.34299850463867,37.093990325927734
2019-05-22,1000,39.520999908447266,39.560001373291016,39.520999908447266,39.560001373291016,37.298580169677734
2019-05-21,300,39.494998931884766,39.56100082397461,39.494998931884766,39.56100082397461,37.299522399902344
2019-05-20,1500,39.52799987792969,39.529998779296875,39.44499969482422,39.459999084472656,37.20429992675781
2019-05-17,3600,39.43000030517578,39.630001068115234,39.43000030517578,39.59000015258789,37.32686233520508
2019-05-16,1800,39.56999969482422,39.79999923706055,39.5,39.5,37.242008209228516
2019-05-15,700,39.632999420166016,39.632999420166016,39.61000061035156,39.61000061035156,37.345726013183594
2019-05-14,800,39.63999938964844,39.645999908447266,39.63399887084961,39.63399887084961,37.368350982666016
2019-05-13,2500,39.689998626708984,39.689998626708984,39.4900016784668,39.4900016784668,37.232582092285156
2019-05-10,2200,39.70000076293945,39.88999938964844,39.70000076293945,39.82500076293945,37.54842758178711
2019-05-09,3300,40.04999923706055,40.04999923706055,39.73400115966797,39.75,37.477725982666016
2019-05-08,1600,39.959999084472656,39.959999084472656,39.810001373291016,39.810001373291016,37.5342903137207
2019-05-07,1500,40.040000915527344,40.040000915527344,39.88999938964844,39.900001525878906,37.6191520690918
2019-05-06,3600,40.01900100708008,40.01900100708008,39.972999572753906,40,37.713436126708984
2019-05-03,2700,40.16999816894531,40.16999816894531,39.97999954223633,40.10599899291992,37.81337356567383
2019-05-02,2500,40.029998779296875,40.06999969482422,39.84000015258789,39.95000076293945,37.66628646850586
2019-05-01,2300,40.167999267578125,40.18000030517578,39.9900016784668,39.9900016784668,37.70399856567383
2019-04-30,600,40.275001525878906,40.275001525878906,40.2599983215332,40.262001037597656,37.801116943359375
2019-04-29,1200,40.29999923706055,40.29999923706055,40.2400016784668,40.2400016784668,37.780452728271484
2019-04-26,4500,40.25199890136719,40.31999969482422,40.09299850463867,40.20199966430664,37.74477767944336
2019-04-25,1800,40.185001373291016,40.2400016784668,40.150001525878906,40.150001525878906,37.69595718383789
2019-04-24,800,40.224998474121094,40.26599884033203,40.150001525878906,40.150001525878906,37.69595718383789
2019-04-23,1100,40.060001373291016,40.16999816894531,40.04199981689453,40.16999816894531,37.71472930908203
2019-04-22,1500,39.970001220703125,40.108001708984375,39.970001220703125,39.9900016784668,37.545738220214844
2019-04-18,800,40.11800003051758,40.310001373291016,40.029998779296875,40.029998779296875,37.58330154418945
2019-04-17,2200,40.209999084472656,40.2130012512207,40.042999267578125,40.165000915527344,37.710044860839844
2019-04-16,501700,40.124000549316406,40.154998779296875,40.08000183105469,40.08000183105469,37.6302375793457
2019-04-15,700,40.01300048828125,40.32699966430664,40.01300048828125,40.32699966430664,37.86213684082031
2019-04-12,2000,40.14899826049805,40.19900131225586,40.125,40.13999938964844,37.68657684326172
2019-04-11,1300,39.75,40.099998474121094,39.75,40.06999969482422,37.620845794677734
2019-04-10,305000,40.119998931884766,40.150001525878906,39.75,39.75,37.320411682128906
2019-04-09,1500,40.08000183105469,40.08000183105469,39.875999450683594,39.91999816894531,37.48001480102539
2019-04-08,1800,40.02000045776367,40.06999969482422,39.900001525878906,40.0099983215332,37.56452178955078
2019-04-05,700,39.99300003051758,40.05699920654297,39.72999954223633,39.72999954223633,37.301631927490234
2019-04-04,1700,40.04999923706055,40.04999923706055,39.827999114990234,39.849998474121094,37.4142951965332
2019-04-03,3100,39.86600112915039,39.88999938964844,39.854000091552734,39.8650016784668,37.42838668823242
2019-04-02,5800,39.71799850463867,39.83000183105469,39.71799850463867,39.81999969482422,37.386131286621094
2019-04-01,3400,39.75,39.915000915527344,39.74800109863281,39.86000061035156,37.42368698120117
2019-03-29,5200,39.82899856567383,39.83000183105469,39.78200149536133,39.810001373291016,37.22370910644531
2019-03-28,3200,39.72999954223633,39.84000015258789,39.70000076293945,39.790000915527344,37.20500183105469
2019-03-27,6000,39.77000045776367,39.77000045776367,39.71799850463867,39.77000045776367,37.186302185058594
2019-03-26,900,39.720001220703125,39.77899932861328,39.720001220703125,39.755001068115234,37.172279357910156
2019-03-25,10200,39.689998626708984,39.70000076293945,39.66999816894531,39.70000076293945,37.120853424072266
2019-03-22,700,39.742000579833984,39.779998779296875,39.64099884033203,39.64099884033203,37.06568145751953
2019-03-21,600,39.81999969482422,39.81999969482422,39.74100112915039,39.7599983215332,37.17695236206055
2019-03-20,3600,39.67399978637695,39.7130012512207,39.63999938964844,39.63999938964844,37.06474304199219
2019-03-19,55900,39.7760009765625,39.7760009765625,39.689998626708984,39.689998626708984,37.111507415771484
2019-03-18,6000,39.823001861572266,39.83000183105469,39.630001068115234,39.73500061035156,37.1535758972168
2019-03-15,2300,39.78499984741211,39.83000183105469,39.7599983215332,39.7599983215332,37.17695236206055
2019-03-14,40900,39.70000076293945,39.91999816894531,39.61899948120117,39.91999816894531,37.32655715942383
2019-03-13,1700,39.62699890136719,39.65999984741211,39.619998931884766,39.65999984741211,37.08345031738281
2019-03-12,15700,39.72999954223633,39.72999954223633,39.47999954223633,39.51499938964844,36.947872161865234
2019-03-11,2000,39.34000015258789,39.5,39.34000015258789,39.465999603271484,36.90205001831055
2019-03-08,700,39.36000061035156,39.380001068115234,39.323001861572266,39.380001068115234,36.82164001464844
2019-03-07,500,39.5,39.5,39.5,39.5,36.93384552001953
2019-03-06,5100,39.68000030517578,39.68000030517578,39.54999923706055,39.650001525878906,37.074100494384766
2019-03-05,12700,39.560001373291016,39.779998779296875,39.53499984741211,39.779998779296875,37.19565200805664
2019-03-04,2300,39.540000915527344,39.73699951171875,39.52799987792969,39.595001220703125,37.022674560546875
2019-03-01,400,39.54999923706055,39.54999923706055,39.53499984741211,39.54499816894531,36.975914001464844
2019-02-28,1900,39.91999816894531,39.91999816894531,39.560001373291016,39.59000015258789,36.87025833129883
2019-02-27,3000,39.619998931884766,39.7400016784668,39.619998931884766,39.70000076293945,36.97270584106445
2019-02-26,3300,39.93000030517578,39.93000030517578,39.619998931884766,39.65999984741211,36.935455322265625
2019-02-25,4400,39.79999923706055,39.79999923706055,39.63999938964844,39.70199966430664,36.97457504272461
2019-02-22,10100,39.42499923706055,39.45500183105469,39.41999816894531,39.433998107910156,36.724971771240234
2019-02-21,3100,39.689998626708984,39.70000076293945,39.388999938964844,39.388999938964844,36.683067321777344
2019-02-20,5200,39.790000915527344,39.790000915527344,39.56999969482422,39.67300033569336,36.94755935668945
2019-02-19,2700,39.349998474121094,39.599998474121094,39.349998474121094,39.555999755859375,36.83859634399414
2019-02-15,3700,39.47999954223633,39.59000015258789,39.400001525878906,39.59000015258789,36.87025833129883
2019-02-14,6300,39.61000061035156,39.68000030517578,39.38999938964844,39.38999938964844,36.683998107910156
2019-02-13,30000,39.66999816894531,39.689998626708984,39.54999923706055,39.63999938964844,36.91682815551758
2019-02-12,4700,39.68000030517578,39.68000030517578,39.47100067138672,39.66999816894531,36.94477081298828
2019-02-11,400100,39.5,39.599998474121094,38.79999923706055,39.5,36.78644943237305
2019-02-08,1200,39.29999923706055,39.29999923706055,38.86000061035156,38.95800018310547,36.281681060791016
2019-02-07,5200,39.354000091552734,39.38999938964844,38.779998779296875,39.220001220703125,36.52568435668945
2019-02-06,2900,39.02000045776367,39.073001861572266,38.7400016784668,39.073001861572266,36.3887825012207
2019-02-05,35200,39.20000076293945,39.207000732421875,38.900001525878906,39.08000183105469,36.39529800415039
2019-02-04,100,39.060001373291016,39.060001373291016,39.060001373291016,39.060001373291016,36.37667465209961
2019-02-01,6300,39.33000183105469,39.33000183105469,38.7599983215332,38.91999816894531,36.24628448486328
2019-01-31,11400,38.88800048828125,38.9900016784668,38.77000045776367,38.9900016784668,36.16061019897461
2019-01-30,6500,38.73500061035156,38.89799880981445,38.73500061035156,38.869998931884766,36.04932403564453
2019-01-29,2700,38.80400085449219,38.80400085449219,38.551998138427734,38.665000915527344,35.85919189453125
2019-01-28,28300,38.834999084472656,38.91999816894531,38.52000045776367,38.76499938964844,35.95193099975586
2019-01-25,18700,38.65999984741211,38.724998474121094,38.630001068115234,38.724998474121094,35.91482925415039
2019-01-24,10300,38.76599884033203,38.76599884033203,38.380001068115234,38.68000030517578,35.87310791015625
2019-01-23,18400,38.70000076293945,38.77899932861328,38.29999923706055,38.61000061035156,35.808189392089844
2019-01-22,8800,38.869998931884766,38.939998626708984,38.869998931884766,38.939998626708984,36.11424255371094
2019-01-18,8200,38.7400016784668,38.75,38.641998291015625,38.66999816894531,35.86383056640625
2019-01-17,29000,38.88999938964844,39.09000015258789,38.099998474121094,39.029998779296875,36.19770050048828
2019-01-16,400,38.630001068115234,38.849998474121094,38.630001068115234,38.849998474121094,36.03076171875
2019-01-15,100,38.525001525878906,38.525001525878906,38.525001525878906,38.525001525878906,35.72936248779297
2019-01-14,1600,38.50299835205078,38.630001068115234,38.47999954223633,38.55500030517578,35.75718307495117
2019-01-11,3300,38.58300018310547,38.612998962402344,38.40999984741211,38.45500183105469,35.6644401550293
2019-01-10,800,38.43000030517578,38.569000244140625,38.43000030517578,38.494998931884766,35.701534271240234
2019-01-09,6300,38.290000915527344,38.527000427246094,37.90999984741211,38.50899887084961,35.714515686035156
2019-01-08,11500,38.099998474121094,38.439998626708984,38.09000015258789,38.404998779296875,35.61806106567383
2019-01-07,1800,37.83000183105469,37.95000076293945,37.79999923706055,37.900001525878906,35.149715423583984
2019-01-04,10000,37.400001525878906,38.08000183105469,37.231998443603516,37.608001708984375,34.87889862060547
2019-01-03,10500,37.58000183105469,37.755001068115234,37.39500045776367,37.39500045776367,34.68135070800781
2019-01-02,7800,37.400001525878906,37.70899963378906,37.400001525878906,37.650001525878906,34.9178466796875
2018-12-31,15900,37.41999816894531,37.97999954223633,37.130001068115234,37.92499923706055,35.17290115356445
2018-12-28,38400,37.869998931884766,37.900001525878906,37.099998474121094,37.48500061035156,34.76483154296875
2018-12-27,7600,37.43000030517578,37.90800094604492,37.0989990234375,37.86000061035156,35.11260986328125
2018-12-26,8900,36.869998931884766,38.11000061035156,36.869998931884766,37.99300003051758,35.09406661987305
2018-12-24,12200,37.65999984741211,37.70000076293945,37.42499923706055,37.439998626708984,34.583251953125
2018-12-21,14600,37.50699996948242,37.869998931884766,37.50699996948242,37.849998474121094,34.96196746826172
2018-12-20,21500,38.0099983215332,38.15999984741211,37.821998596191406,38.15999984741211,35.248321533203125
2018-12-19,20500,38.209999084472656,39,38.0099983215332,38.0099983215332,35.109764099121094
2018-12-18,19500,39.16999816894531,39.16999816894531,37.9640007019043,38.099998474121094,35.19289016723633
2018-12-17,9900,39.029998779296875,39.029998779296875,38.474998474121094,38.474998474121094,35.53928756713867
2018-12-14,9500,38.52000045776367,38.869998931884766,38.314998626708984,38.84000015258789,35.87643814086914
2018-12-13,5100,38.9370002746582,40.18000030517578,38.72999954223633,39.68000030517578,36.338287353515625
2018-12-12,3800,39.21900177001953,39.220001220703125,38.869998931884766,39.09700012207031,35.804386138916016
2018-12-11,25600,39.08399963378906,39.689998626708984,38.709999084472656,39.0359992980957,35.74851608276367
2018-12-10,1400,39.040000915527344,39.349998474121094,38.849998474121094,39.099998474121094,35.80712127685547
2018-12-07,1500,39.349998474121094,39.37799835205078,39.349998474121094,39.37799835205078,36.06171417236328
2018-12-06,2000,39.38999938964844,39.650001525878906,39.38999938964844,39.5099983215332,36.182594299316406
2018-12-04,1300,39.3650016784668,39.3849983215332,39.3650016784668,39.3849983215332,36.0681266784668
2018-12-03,1200,39.20000076293945,39.20000076293945,39.18000030517578,39.189998626708984,35.889549255371094
2018-11-30,1700,39.29499816894531,39.30500030517578,39.28900146484375,39.28900146484375,35.8474235534668
2018-11-29,4500,39.310001373291016,40.029998779296875,39.257999420166016,39.257999420166016,35.81913375854492
2018-11-28,3600,39.119998931884766,40.22999954223633,39.09000015258789,39.119998931884766,35.69321823120117
2018-11-27,200,39.104000091552734,39.104000091552734,39.08000183105469,39.08000183105469,35.65672302246094
2018-11-26,100,39.06700134277344,39.06700134277344,39.06700134277344,39.06700134277344,35.64487838745117
2018-11-23,100,39.06700134277344,39.06700134277344,39.06700134277344,39.06700134277344,35.64487838745117
2018-11-21,2300,39.012001037597656,39.099998474121094,39.012001037597656,39.06700134277344,35.64487838745117
2018-11-20,800,39.233001708984375,39.25,39.209999084472656,39.244998931884766,35.80726623535156
2018-11-19,300,39.3129997253418,39.3129997253418,39.279998779296875,39.279998779296875,35.839210510253906
2018-11-16,800,39.47999954223633,39.47999954223633,39.22999954223633,39.26499938964844,35.82552719116211
2018-11-15,1900,39.599998474121094,39.97999954223633,39.279998779296875,39.279998779296875,35.839210510253906
2018-11-14,300,39.654998779296875,39.676998138427734,39.654998779296875,39.676998138427734,36.20143508911133
2018-11-13,1100,39.61000061035156,39.619998931884766,39.599998474121094,39.612998962402344,36.14305114746094
2018-11-12,1400,39.599998474121094,39.672000885009766,39.599998474121094,39.66999816894531,36.195045471191406
2018-11-09,1600,39.715999603271484,39.79999923706055,39.70000076293945,39.70000076293945,36.22241973876953
2018-11-08,2100,39.68000030517578,39.779998779296875,39.68000030517578,39.779998779296875,36.29541778564453
2018-11-07,700,39.529998779296875,39.617000579833984,39.529998779296875,39.617000579833984,36.14668273925781
2018-11-06,1100,39.28200149536133,39.527000427246094,39.28200149536133,39.52399826049805,36.06182861328125
2018-11-05,600,39.5,39.5,39.433998107910156,39.5,36.039939880371094
2018-11-02,200,39.540000915527344,39.540000915527344,39.540000915527344,39.540000915527344,36.07644271850586
2018-11-01,1100,39.529998779296875,39.529998779296875,39.34000015258789,39.439998626708984,35.98520278930664
2018-10-31,500,39.529998779296875,39.529998779296875,39.529998779296875,39.529998779296875,35.91494369506836
2018-10-30,500,39.46500015258789,39.46500015258789,39.42300033569336,39.42300033569336,35.81773376464844
2018-10-29,4600,39.560001373291016,39.560001373291016,39.400001525878906,39.45000076293945,35.842254638671875
2018-10-26,300,39.5099983215332,39.5099983215332,39.5099983215332,39.5099983215332,35.89676284790039
2018-10-25,2300,39.79999923706055,39.79999923706055,39.52000045776367,39.527000427246094,35.9122200012207
2018-10-24,3100,39.810001373291016,39.83000183105469,39.79999923706055,39.83000183105469,36.18751525878906
2018-10-23,2100,39.7400016784668,39.79999923706055,39.7400016784668,39.79999923706055,36.160247802734375
2018-10-22,500,39.84000015258789,39.84000015258789,39.83000183105469,39.83000183105469,36.18751525878906
2018-10-19,1700,39.9379997253418,39.95000076293945,39.875,39.89899826049805,36.250205993652344
2018-10-18,700,40.290000915527344,40.290000915527344,40.0099983215332,40.0099983215332,36.35104751586914
2018-10-17,300,40.0260009765625,40.0260009765625,40.0260009765625,40.0260009765625,36.36559295654297
2018-10-16,1600,39.875999450683594,39.939998626708984,39.875999450683594,39.92499923706055,36.27382278442383
2018-10-15,1000,40.08000183105469,40.08000183105469,39.89099884033203,39.89099884033203,36.242919921875
2018-10-12,6500,39.84000015258789,39.84000015258789,39.2400016784668,39.770999908447266,36.1338996887207
2018-10-11,4500,40.11000061035156,40.904998779296875,40.0099983215332,40.11000061035156,36.441898345947266
2018-10-10,2000,40.36000061035156,40.36000061035156,40.266998291015625,40.266998291015625,36.58453369140625
2018-10-09,1800,40.43000030517578,40.43000030517578,40.3650016784668,40.38999938964844,36.6963005065918
2018-10-08,1400,40.36000061035156,40.361000061035156,40.319000244140625,40.319000244140625,36.63178634643555
2018-10-05,1100,40.47700119018555,41.04999923706055,40.47700119018555,41.04999923706055,37.29593276977539
2018-10-04,4600,40.93000030517578,40.970001220703125,40.888999938964844,40.970001220703125,37.2232551574707
2018-10-03,4100,40.630001068115234,40.965999603271484,40.52199935913086,40.965999603271484,37.21962356567383
2018-10-02,600,40.652000427246094,40.652000427246094,40.529998779296875,40.529998779296875,36.823490142822266
2018-10-01,700,40.66999816894531,40.66999816894531,40.60300064086914,40.60300064086914,36.88981246948242
2018-09-28,600,40.70000076293945,40.7239990234375,40.70000076293945,40.7239990234375,36.85074234008789
2018-09-26,600,40.797000885009766,40.810001373291016,40.76300048828125,40.76300048828125,36.88603210449219
2018-09-25,151500,40.79999923706055,40.79999923706055,40.72999954223633,40.77000045776367,36.892372131347656
2018-09-24,200,40.86899948120117,40.86899948120117,40.86899948120117,40.86899948120117,36.981956481933594
2018-09-19,200,40.970001220703125,40.970001220703125,40.970001220703125,40.970001220703125,37.07335662841797
2018-09-17,300,40.849998474121094,40.849998474121094,40.779998779296875,40.779998779296875,36.90142059326172
2018-09-12,100,40.790000915527344,40.790000915527344,40.790000915527344,40.790000915527344,36.910465240478516
2018-09-11,1900,40.73699951171875,40.73699951171875,40.689998626708984,40.689998626708984,36.81997299194336
2018-09-10,700,40.7400016784668,40.779998779296875,40.7400016784668,40.779998779296875,36.90142059326172
2018-09-07,1300,40.83700180053711,40.88999938964844,40.83700180053711,40.88999938964844,37.00094985961914
2018-09-06,1200,40.8650016784668,40.939998626708984,40.86000061035156,40.939998626708984,37.04618453979492
2018-09-04,1800,40.88999938964844,40.900001525878906,40.8390007019043,40.900001525878906,37.010005950927734
2018-08-31,500,41.04999923706055,41.04999923706055,41.04999923706055,41.04999923706055,36.99462890625
2018-08-30,500,41.08000183105469,41.08000183105469,41.08000183105469,41.08000183105469,37.02166748046875
2018-08-29,800,41,41.04999923706055,41,41.04999923706055,36.99462890625
2018-08-28,600,41.02000045776367,41.040000915527344,41.02000045776367,41.040000915527344,36.98561477661133
2018-08-27,900,41.029998779296875,41.029998779296875,41.02899932861328,41.029998779296875,36.976600646972656
2018-08-24,2300,40.900001525878906,41.83000183105469,40.900001525878906,41,36.949562072753906
2018-08-23,800,40.9900016784668,41.02000045776367,40.97600173950195,41.02000045776367,36.96757888793945
2018-08-22,13900,40.91999816894531,40.95000076293945,40.90299987792969,40.939998626708984,36.8954963684082
2018-08-21,1100,41.650001525878906,41.650001525878906,40.88999938964844,40.90999984741211,36.86845016479492
2018-08-20,700,41,41.59000015258789,41,41.564998626708984,37.458744049072266
2018-08-17,900,40.7400016784668,40.7599983215332,40.7400016784668,40.7599983215332,36.7332763671875
2018-08-16,700,40.61000061035156,40.66999816894531,40.61000061035156,40.66999816894531,36.65216064453125
2018-08-15,3400,40.650001525878906,40.68000030517578,40.630001068115234,40.68000030517578,36.66117858886719
2018-08-14,1600,40.61000061035156,40.630001068115234,40.61000061035156,40.630001068115234,36.61611557006836
2018-08-13,3000,40.65800094604492,40.689998626708984,40.55500030517578,40.60900115966797,36.59718704223633
2018-08-10,500,40.630001068115234,40.630001068115234,40.582000732421875,40.62699890136719,36.61341094970703
2018-08-09,1200,40.279998779296875,40.279998779296875,40.279998779296875,40.279998779296875,36.30069351196289
2018-08-08,900,40.68000030517578,40.68000030517578,40.555999755859375,40.63100051879883,36.61701583862305
2018-08-06,1500,40.97999954223633,40.97999954223633,40.505001068115234,40.505001068115234,36.50346755981445
2018-08-03,1500,40.46500015258789,40.540000915527344,40.46500015258789,40.540000915527344,36.535003662109375
2018-08-02,300,40.529998779296875,40.529998779296875,40.520999908447266,40.520999908447266,36.517879486083984
2018-08-01,200,40.42100143432617,40.42100143432617,40.42100143432617,40.42100143432617,36.42776107788086
2018-07-30,2200,40.400001525878906,40.56999969482422,40.400001525878906,40.564998626708984,36.41423797607422
2018-07-27,400,40.48500061035156,40.48500061035156,40.48500061035156,40.48500061035156,36.342430114746094
2018-07-26,900,40.44300079345703,40.45199966430664,40.33000183105469,40.3390007019043,36.21136474609375
2018-07-24,300,40.34700012207031,40.34700012207031,40.34700012207031,40.34700012207031,36.21855163574219
2018-07-23,400,40.34000015258789,40.41899871826172,40.34000015258789,40.41899871826172,36.283180236816406
2018-07-20,500,40.38999938964844,40.40999984741211,40.38999938964844,40.40999984741211,36.27511215209961
2018-07-19,700,40.29899978637695,40.36399841308594,40.29899978637695,40.36399841308594,36.23381805419922
2018-07-18,1000,40.189998626708984,40.23400115966797,40.189998626708984,40.23400115966797,36.11711502075195
2018-07-17,2600,40.32500076293945,40.435001373291016,40.32500076293945,40.435001373291016,36.29754638671875
2018-07-16,800,40.380001068115234,40.380001068115234,40.29499816894531,40.380001068115234,36.248172760009766
2018-07-13,3000,40.220001220703125,40.38999938964844,39.5,40.38999938964844,36.257144927978516
2018-07-11,2000,40.362998962402344,40.47999954223633,40.362998962402344,40.47999954223633,36.33793640136719
2018-07-10,8600,40.30799865722656,40.30799865722656,40.30799865722656,40.30799865722656,36.18354034423828
2018-07-09,2400,40.3380012512207,40.34000015258789,40.27199935913086,40.34000015258789,36.21226501464844
2018-07-05,2000,40.0880012512207,40.220001220703125,40.0880012512207,40.13100051879883,36.024654388427734
2018-07-03,100,39.93000030517578,39.93000030517578,39.93000030517578,39.93000030517578,35.84421920776367
2018-07-02,800,40.130001068115234,40.130001068115234,40.12099838256836,40.12099838256836,36.01567459106445
2018-06-29,1200,40.099998474121094,40.2599983215332,40.09000015258789,40.2599983215332,36.00220489501953
2018-06-28,2200,40.310001373291016,40.310001373291016,40.2140007019043,40.2140007019043,35.96107864379883
2018-06-26,2000,39.970001220703125,40.400001525878906,39.970001220703125,40.30699920654297,36.04423522949219
2018-06-25,1500,40.91999816894531,40.91999816894531,40.43600082397461,40.52000045776367,36.23472595214844
2018-06-21,800,40.45000076293945,40.56999969482422,40.45000076293945,40.56999969482422,36.27942657470703
2018-06-20,300,40.45000076293945,40.45000076293945,40.446998596191406,40.446998596191406,36.16943359375
2018-06-19,1300,40.45000076293945,40.45000076293945,40.43000030517578,40.45000076293945,36.172115325927734
2018-06-18,1500,40.45000076293945,40.45000076293945,40.45000076293945,40.45000076293945,36.172115325927734
2018-06-15,900,40.43000030517578,40.45000076293945,40.43000030517578,40.45000076293945,36.172115325927734
2018-06-14,600,40.4900016784668,40.4900016784668,40.45000076293945,40.45000076293945,36.172115325927734
2018-06-13,1100,40.470001220703125,40.529998779296875,40.470001220703125,40.49300003051758,36.210567474365234
2018-06-12,1100,40.58000183105469,40.59000015258789,40.58000183105469,40.59000015258789,36.297306060791016
2018-06-11,1300,40.58000183105469,40.61000061035156,40.58000183105469,40.61000061035156,36.31520462036133
2018-06-08,6100,40.5890007019043,40.619998931884766,40.5890007019043,40.599998474121094,36.306251525878906
2018-06-07,700,40.492000579833984,40.5,40.492000579833984,40.5,36.21682357788086
2018-06-06,1700,40.43000030517578,40.47999954223633,40.41999816894531,40.47999954223633,36.19894790649414
2018-06-05,1500,40.54100036621094,40.54100036621094,40.48400115966797,40.48400115966797,36.202518463134766
2018-06-04,700,40.417999267578125,40.58000183105469,40.417999267578125,40.58000183105469,36.288368225097656
2018-06-01,100,40.29499816894531,40.29499816894531,40.29499816894531,40.29499816894531,36.033512115478516
2018-05-31,1000,40.54499816894531,40.54499816894531,40.41999816894531,40.43000030517578,36.01921081542969
2018-05-30,3000,40.63999938964844,40.63999938964844,40.27799987792969,40.45399856567383,36.04058074951172
2018-05-29,100,40.5,40.5,40.5,40.5,36.08156204223633
2018-05-24,2100,40.45000076293945,40.45000076293945,40.380001068115234,40.38999938964844,35.98357391357422
2018-05-23,1200,40.45000076293945,40.45000076293945,40.380001068115234,40.380001068115234,35.97465896606445
2018-05-22,2800,40.31999969482422,40.5,40.284000396728516,40.31999969482422,35.92120361328125
2018-05-17,800,40.16999816894531,40.31999969482422,40.16999816894531,40.24599838256836,35.85527038574219
2018-05-14,300,40.28300094604492,40.28300094604492,40.28300094604492,40.28300094604492,35.888248443603516
2018-05-10,300,40.28499984741211,40.310001373291016,40.28499984741211,40.310001373291016,35.91230010986328
2018-05-08,200,40.15999984741211,40.18000030517578,40.15999984741211,40.18000030517578,35.796470642089844
2018-05-04,900,40.000999450683594,40.000999450683594,39.97999954223633,39.97999954223633,35.618289947509766
2018-05-03,400,40.020999908447266,40.020999908447266,40.020999908447266,40.020999908447266,35.654823303222656
2018-05-01,500,40.029998779296875,40.029998779296875,40.027000427246094,40.027000427246094,35.66017150878906
2018-04-30,2600,40.2599983215332,40.279998779296875,40.18000030517578,40.209999084472656,35.6869010925293
2018-04-27,300,40.119998931884766,40.119998931884766,40.119998931884766,40.119998931884766,35.607017517089844
2018-04-26,600,40.06999969482422,40.06999969482422,40.0099983215332,40.06999969482422,35.56264114379883
2018-04-24,200,40,40,40,40,35.500511169433594
2018-04-20,1500,40.2599983215332,40.27000045776367,40.23500061035156,40.23500061035156,35.70908737182617
2018-04-19,2400,40.284000396728516,40.34000015258789,40.2599983215332,40.2599983215332,35.73126983642578
2018-04-18,200,40.32500076293945,40.32500076293945,40.32500076293945,40.32500076293945,35.7889518737793
2018-04-17,300,40.22999954223633,40.25400161743164,40.22999954223633,40.25400161743164,35.7259407043457
2018-04-16,700,40.29999923706055,40.29999923706055,40.154998779296875,40.154998779296875,35.63807678222656
2018-04-13,1400,40.119998931884766,40.119998931884766,40.099998474121094,40.099998474121094,35.589271545410156
2018-04-12,300,40.09299850463867,40.09299850463867,40.09299850463867,40.09299850463867,35.58305740356445
2018-04-11,1000,40.099998474121094,40.099998474121094,40.09600067138672,40.099998474121094,35.589271545410156
2018-04-09,1100,39.849998474121094,39.88100051879883,39.84000015258789,39.84400177001953,35.362064361572266
2018-04-06,100,39.95000076293945,39.95000076293945,39.95000076293945,39.95000076293945,35.456146240234375
2018-04-05,1200,40.34000015258789,40.34000015258789,39.79999923706055,39.79999923706055,35.32301330566406
2018-04-04,1000,39.82899856567383,39.86000061035156,39.77000045776367,39.86000061035156,35.37626647949219
2018-04-03,1100,39.630001068115234,39.75,39.599998474121094,39.608001708984375,35.152610778808594
2018-04-02,2300,39.790000915527344,39.81999969482422,39.36000061035156,39.36000061035156,34.93251037597656
2018-03-29,1000,40.279998779296875,40.279998779296875,39.79999923706055,39.939998626708984,35.32034683227539
2018-03-28,3000,39.810001373291016,39.959999084472656,39.5,39.95199966430664,35.33095932006836
2018-03-27,2200,39.891998291015625,39.900001525878906,39.810001373291016,39.810001373291016,35.20539855957031
2018-03-26,1400,39.76499938964844,39.76499938964844,39.76499938964844,39.76499938964844,35.16558837890625
2018-03-23,2700,40.00600051879883,40.00600051879883,39.900001525878906,39.9739990234375,35.35041809082031
2018-03-21,4700,40.099998474121094,40.20500183105469,40.06999969482422,40.13999938964844,35.497222900390625
2018-03-20,1300,40.209999084472656,40.209999084472656,40.154998779296875,40.154998779296875,35.51048278808594
2018-03-19,1800,40.314998626708984,40.314998626708984,40.2400016784668,40.2400016784668,35.58565139770508
2018-03-16,200,40.25400161743164,40.25400161743164,40.25400161743164,40.25400161743164,35.59803009033203
2018-03-15,1000,40.310001373291016,40.310001373291016,40.2599983215332,40.2599983215332,35.60333251953125
2018-03-14,3400,40.400001525878906,40.400001525878906,40.31999969482422,40.31999969482422,35.656402587890625
2018-03-12,300,40.430999755859375,40.430999755859375,40.430999755859375,40.430999755859375,35.75456619262695
2018-03-09,400,40.349998474121094,40.349998474121094,40.310001373291016,40.310001373291016,35.64755630493164
2018-03-08,1300,40.2599983215332,40.31399917602539,40.2599983215332,40.2599983215332,35.60333251953125
2018-03-07,600,40.380001068115234,40.40999984741211,40.349998474121094,40.349998474121094,35.682926177978516
2018-03-05,500,40.130001068115234,40.13999938964844,40.130001068115234,40.13999938964844,35.497222900390625
2018-03-02,1400,40.209999084472656,40.23400115966797,40.13999938964844,40.229000091552734,35.575927734375
2018-03-01,800,40.279998779296875,40.30799865722656,40.237998962402344,40.29199981689453,35.63163375854492
2018-02-27,2100,40.69900131225586,40.69900131225586,40.60100173950195,40.60100173950195,35.772239685058594
2018-02-26,500,40.310001373291016,40.57400131225586,40.310001373291016,40.57400131225586,35.74846267700195
2018-02-23,9200,40.38600158691406,40.459999084472656,40.3120002746582,40.439998626708984,35.63039016723633
2018-02-22,5000,40.35599899291992,40.41999816894531,40.345001220703125,40.41999816894531,35.61276626586914
2018-02-20,500,40.619998931884766,40.6609992980957,40.604000091552734,40.604000091552734,35.774898529052734
2018-02-16,2200,40.5099983215332,40.56100082397461,40.507999420166016,40.56100082397461,35.73701477050781
2018-02-15,4800,40.45000076293945,40.45000076293945,40.36899948120117,40.38800048828125,35.58457565307617
2018-02-14,3300,40.305999755859375,40.400001525878906,40.279998779296875,40.279998779296875,35.48942184448242
2018-02-13,5300,40.33000183105469,40.45000076293945,40.33000183105469,40.37699890136719,35.574886322021484
2018-02-12,9100,40.22999954223633,40.45100021362305,40.19900131225586,40.33000183105469,35.53348159790039
2018-02-09,12100,40.220001220703125,40.279998779296875,40.172000885009766,40.21699905395508,35.43391036987305
2018-02-08,105700,40.560001373291016,40.57899856567383,40.30099868774414,40.5099983215332,35.692073822021484
2018-02-07,1100,40.525001525878906,40.525001525878906,40.45000076293945,40.45000076293945,35.63921356201172
2018-02-06,500,40.52000045776367,40.52000045776367,40.505001068115234,40.505001068115234,35.68767166137695
2018-02-05,2200,40.4900016784668,40.88999938964844,40.4900016784668,40.869998931884766,36.00925827026367
2018-02-02,700,41.15999984741211,41.185001373291016,40.53099822998047,40.53099822998047,35.710567474365234
2018-02-01,500,41.02000045776367,41.02000045776367,40.97999954223633,40.97999954223633,36.10616683959961
2018-01-31,200,41.29999923706055,41.29999923706055,41.29999923706055,41.29999923706055,36.24449920654297
2018-01-30,2100,41.189998626708984,41.63999938964844,40.9379997253418,41.61000061035156,36.51655960083008
2018-01-29,1300,41.220001220703125,41.64500045776367,41.220001220703125,41.619998931884766,36.525333404541016
2018-01-26,400,41.625,41.625,41.625,41.625,36.52971267700195
2018-01-25,104800,41.93000030517578,41.93000030517578,41.62799835205078,41.66999816894531,36.56920623779297
2018-01-24,100,41.70000076293945,41.70000076293945,41.70000076293945,41.70000076293945,36.595542907714844
2018-01-23,4700,41.619998931884766,41.630001068115234,41.52000045776367,41.56999969482422,36.48145294189453
2018-01-22,1100,41.56999969482422,41.56999969482422,41.529998779296875,41.55099868774414,36.46477508544922
2018-01-19,900,41.47999954223633,41.52000045776367,41.47999954223633,41.50899887084961,36.427913665771484
2018-01-18,1400,41.617000579833984,41.63999938964844,41.59000015258789,41.63999938964844,36.54288101196289
2018-01-17,2900,41.540000915527344,41.58000183105469,41.540000915527344,41.56399917602539,36.47617721557617
2018-01-16,1000,41.58000183105469,41.612998962402344,41.560001373291016,41.5629997253418,36.475303649902344
2018-01-12,700,41.60599899291992,41.630001068115234,41.560001373291016,41.56399917602539,36.47617721557617
2018-01-11,900,41.494998931884766,41.494998931884766,41.459999084472656,41.4640007019043,36.38843536376953
2018-01-09,200,41.527000427246094,41.527000427246094,41.527000427246094,41.527000427246094,36.4437141418457
2018-01-08,300,41.54999923706055,41.54999923706055,41.54999923706055,41.54999923706055,36.46389389038086
2018-01-05,1300,41.512001037597656,41.512001037597656,41.5,41.5,36.420021057128906
2018-01-04,1500,41.400001525878906,41.5,41.38999938964844,41.38999938964844,36.323486328125
2018-01-03,1700,41.33000183105469,41.35900115966797,41.33000183105469,41.349998474121094,36.28837966918945
2018-01-02,1400,41.25,41.250999450683594,41.209999084472656,41.209999084472656,36.165523529052734
2017-12-29,500,41.27000045776367,41.27899932861328,41.27000045776367,41.27899932861328,36.226070404052734
2017-12-28,300,41.20000076293945,41.20000076293945,41.20000076293945,41.20000076293945,36.156742095947266
2017-12-27,5200,41.20000076293945,41.25,41.18000030517578,41.22999954223633,36.18307876586914
2017-12-26,1900,41.43000030517578,41.46099853515625,41.41899871826172,41.41899871826172,36.20412826538086
2017-12-22,300,41.29999923706055,41.35300064086914,41.29999923706055,41.35300064086914,36.14645004272461
2017-12-21,2200,41.220001220703125,41.340999603271484,41.220001220703125,41.27799987792969,36.08089065551758
2017-12-20,200,41.25,41.25,41.25,41.25,36.0564079284668
2017-12-19,2300,41.47999954223633,41.47999954223633,41.36899948120117,41.36899948120117,36.16043472290039
2017-12-18,8900,41.380001068115234,41.439998626708984,41.279998779296875,41.40999984741211,36.19627380371094
2017-12-15,3400,41.229000091552734,41.310001373291016,41.229000091552734,41.310001373291016,36.108863830566406
2017-12-13,2700,41.79999923706055,41.79999923706055,41.70000076293945,41.70000076293945,36.05641555786133
2017-12-12,3100,41.79999923706055,41.849998474121094,41.79499816894531,41.79499816894531,36.138553619384766
2017-12-11,2000,41.849998474121094,41.849998474121094,41.698001861572266,41.75,36.09964370727539
2017-12-08,1800,41.68000030517578,41.68000030517578,41.35499954223633,41.36000061035156,35.76242446899414
2017-12-07,51400,41.68000030517578,41.68000030517578,41.66999816894531,41.68000030517578,36.03911209106445
2017-12-06,8600,41.68000030517578,41.79999923706055,41.68000030517578,41.73899841308594,36.09013366699219
2017-12-05,3100,41.810001373291016,41.810001373291016,41.810001373291016,41.810001373291016,36.151527404785156
2017-12-04,2300,41.790000915527344,41.790000915527344,41.790000915527344,41.790000915527344,36.13423156738281
2017-11-30,5700,41.849998474121094,41.90999984741211,41.84299850463867,41.880001068115234,36.0771598815918
2017-11-29,2200,41.79899978637695,41.79999923706055,41.7859992980957,41.790000915527344,35.99964141845703
2017-11-28,4700,41.650001525878906,41.70000076293945,41.650001525878906,41.70000076293945,35.9221076965332
2017-11-27,2800,41.709999084472656,41.709999084472656,41.709999084472656,41.709999084472656,35.930721282958984
2017-11-22,6900,41.650001525878906,41.66999816894531,41.64500045776367,41.66999816894531,35.8962516784668
2017-11-21,1200,41.55699920654297,41.65999984741211,41.55699920654297,41.64400100708008,35.87386703491211
2017-11-20,600,41.630001068115234,41.630001068115234,41.62900161743164,41.62900161743164,35.86093521118164
2017-11-17,9800,41.62200164794922,41.939998626708984,41.189998626708984,41.58000183105469,35.8187255859375
2017-11-16,300,41.18000030517578,41.18000030517578,41.18000030517578,41.18000030517578,35.474151611328125
2017-11-15,3300,41.457000732421875,41.58000183105469,41.36000061035156,41.470001220703125,35.723968505859375
2017-11-13,2500,41.84000015258789,41.84000015258789,41.52399826049805,41.57500076293945,35.814430236816406
2017-11-10,3800,41.63199996948242,41.6349983215332,41.400001525878906,41.45000076293945,35.70673751831055
2017-11-09,600,41.814998626708984,41.814998626708984,41.61000061035156,41.619998931884766,35.85318374633789
2017-11-08,4800,41.90999984741211,41.92499923706055,41.827999114990234,41.92499923706055,36.11593246459961
2017-11-07,600,41.88999938964844,41.88999938964844,41.88800048828125,41.88999938964844,36.08578109741211
2017-11-06,2000,41.72999954223633,41.80799865722656,41.72999954223633,41.80799865722656,36.0151481628418
2017-11-03,16100,41.790000915527344,41.849998474121094,41.775001525878906,41.849998474121094,36.05131530761719
2017-11-02,36000,41.77000045776367,41.79999923706055,41.73699951171875,41.77000045776367,35.9824104309082
2017-11-01,200,41.68000030517578,41.68000030517578,41.59000015258789,41.59000015258789,35.82734680175781
2017-10-31,3200,41.810001373291016,41.810001373291016,41.722999572753906,41.77000045776367,35.85405349731445
2017-10-30,2800,41.880001068115234,41.92300033569336,41.779998779296875,41.85499954223633,35.9270133972168
2017-10-27,1400,42.099998474121094,42.099998474121094,41.8650016784668,41.888999938964844,35.9561882019043
2017-10-26,100,41.87699890136719,41.87699890136719,41.87699890136719,41.87699890136719,35.945899963378906
2017-10-19,1100,41.959999084472656,41.959999084472656,41.92599868774414,41.959999084472656,36.01713180541992
2017-10-18,500,42.01300048828125,42.0620002746582,42.01300048828125,42.0620002746582,36.10468292236328
2017-10-17,1300,41.862998962402344,42.08000183105469,41.862998962402344,42.08000183105469,36.12015151977539
2017-10-16,1000,42.05699920654297,42.09000015258789,42.05699920654297,42.09000015258789,36.128719329833984
2017-10-13,3100,42.08000183105469,42.09000015258789,42.08000183105469,42.09000015258789,36.128719329833984
2017-10-11,500,42.040000915527344,42.08300018310547,42.040000915527344,42.08300018310547,36.122718811035156
2017-10-10,2700,41.986000061035156,42.04999923706055,41.93899917602539,41.93899917602539,35.99912643432617
2017-10-06,500,42.09400177001953,42.09400177001953,41.94499969482422,41.94499969482422,36.00425720214844
2017-10-05,2900,42.013999938964844,42.060001373291016,41.95000076293945,41.95000076293945,36.008544921875
2017-10-03,400,41.840999603271484,41.95100021362305,41.840999603271484,41.95100021362305,36.0094108581543
2017-10-02,600,41.95000076293945,41.95000076293945,41.79499816894531,41.79499816894531,35.87551498413086
2017-09-29,1100,41.95000076293945,41.992000579833984,41.95000076293945,41.95500183105469,35.874664306640625
2017-09-28,200,41.91299819946289,41.91299819946289,41.88199996948242,41.88199996948242,35.81224060058594
2017-09-27,200,41.66999816894531,41.66999816894531,41.66999816894531,41.66999816894531,35.63094711303711
2017-09-26,900,41.74399948120117,41.74399948120117,41.68000030517578,41.68000030517578,35.639503479003906
2017-09-25,300,41.67100143432617,41.67100143432617,41.67100143432617,41.67100143432617,35.63179397583008
2017-09-22,900,41.65399932861328,41.65399932861328,41.599998474121094,41.599998474121094,35.57109832763672
2017-09-21,300,41.869998931884766,41.869998931884766,41.79199981689453,41.79199981689453,35.73527908325195
2017-09-20,500,41.7140007019043,41.849998474121094,41.7140007019043,41.849998474121094,35.78486251831055
2017-09-19,2600,41.59000015258789,41.733001708984375,41.5,41.729000091552734,35.6814079284668
2017-09-18,200,41.790000915527344,41.790000915527344,41.790000915527344,41.790000915527344,35.73357009887695
2017-09-15,2900,41.76900100708008,41.79999923706055,41.5099983215332,41.5099983215332,35.494136810302734
2017-09-14,900,41.696998596191406,41.779998779296875,41.696998596191406,41.779998779296875,35.72500228881836
2017-09-13,1300,41.79999923706055,41.79999923706055,41.62699890136719,41.79999923706055,35.74210739135742
2017-09-12,900,41.810001373291016,41.810001373291016,41.797000885009766,41.797000885009766,35.73954391479492
2017-09-11,2700,41.52299880981445,41.62200164794922,41.51900100708008,41.54100036621094,35.5206413269043
2017-09-08,800,41.650001525878906,41.66999816894531,41.64400100708008,41.64400100708008,35.60872268676758
2017-09-06,500,41.534000396728516,41.534000396728516,41.518001556396484,41.518001556396484,35.500980377197266
2017-09-05,300,41.643001556396484,41.643001556396484,41.54499816894531,41.54499816894531,35.52407455444336
2017-09-01,400,41.5,41.5,41.5,41.5,35.4855842590332
2017-08-28,400,41.41999816894531,41.51100158691406,41.41999816894531,41.51100158691406,35.359046936035156
2017-08-23,300,41.459999084472656,41.459999084472656,41.380001068115234,41.380001068115234,35.24745559692383
2017-08-22,1200,41.439998626708984,41.439998626708984,41.17100143432617,41.30400085449219,35.18272018432617
2017-08-21,2900,41.20000076293945,41.349998474121094,41.15399932861328,41.33100128173828,35.205718994140625
2017-08-18,100,41.35100173950195,41.35100173950195,41.35100173950195,41.35100173950195,35.22275161743164
2017-08-16,4500,41.47999954223633,41.5,41.220001220703125,41.220001220703125,35.11117172241211
2017-08-15,300,41.529998779296875,41.529998779296875,41.529998779296875,41.529998779296875,35.37521743774414
2017-08-11,800,41.4900016784668,41.540000915527344,41.4900016784668,41.540000915527344,35.38373947143555
2017-08-10,1900,41.540000915527344,41.54800033569336,41.51100158691406,41.52899932861328,35.374366760253906
2017-08-09,800,41.709999084472656,41.731998443603516,41.33000183105469,41.731998443603516,35.54728698730469
2017-08-07,700,41.84199905395508,41.939998626708984,41.84199905395508,41.939998626708984,35.724464416503906
2017-08-04,1700,41.93000030517578,41.93000030517578,41.91699981689453,41.93000030517578,35.7159423828125
2017-08-03,1500,41.959999084472656,41.959999084472656,41.959999084472656,41.959999084472656,35.741493225097656
2017-08-01,1100,41.88999938964844,41.88999938964844,41.827999114990234,41.875,35.66910171508789
2017-07-31,200,41.88100051879883,41.88100051879883,41.82600021362305,41.82600021362305,35.49021911621094
2017-07-28,4900,42.0099983215332,42.0099983215332,41.946998596191406,42.0099983215332,35.646339416503906
2017-07-27,3000,42.0099983215332,42.02000045776367,42,42.02000045776367,35.65482711791992
2017-07-26,1700,41.99300003051758,42,41.779998779296875,41.78499984741211,35.4554328918457
2017-07-25,400,41.93000030517578,41.93000030517578,41.93000030517578,41.93000030517578,35.57846450805664
2017-07-21,1900,41.70500183105469,41.95000076293945,41.70500183105469,41.777000427246094,35.44863510131836
2017-07-19,100,41.9900016784668,41.9900016784668,41.9900016784668,41.9900016784668,35.62937545776367
2017-07-18,4900,42.0099983215332,42.0099983215332,42,42,35.637855529785156
2017-07-17,2400,41.939998626708984,42,41.875,42,35.637855529785156
2017-07-14,5400,41.77000045776367,41.81999969482422,41.75699996948242,41.81999969482422,35.48512649536133
2017-07-13,3500,41.52000045776367,41.810001373291016,41.52000045776367,41.7599983215332,35.434200286865234
2017-07-12,1900,41.58000183105469,41.58000183105469,41.560001373291016,41.58000183105469,35.2814826965332
2017-07-11,4100,41.5,41.59000015258789,41.13999938964844,41.59000015258789,35.28995895385742
2017-07-10,1100,41.56999969482422,41.59000015258789,41.52000045776367,41.52000045776367,35.23057556152344
2017-07-07,800,41.560001373291016,41.560001373291016,41.54899978637695,41.54899978637695,35.25517654418945
2017-07-06,2100,41.650001525878906,41.66999816894531,41.650001525878906,41.66600036621094,35.354454040527344
2017-07-05,4600,41.68000030517578,41.7400016784668,41.66999816894531,41.7400016784668,35.41725158691406
2017-06-30,1000,41.66699981689453,41.66999816894531,41.66699981689453,41.66999816894531,35.223777770996094
2017-06-29,800,41.7400016784668,41.7400016784668,41.722999572753906,41.722999572753906,35.26856994628906
2017-06-28,5700,41.650001525878906,41.650001525878906,41.55099868774414,41.650001525878906,35.20687484741211
2017-06-27,2500,41.54999923706055,41.54999923706055,41.29999923706055,41.29999923706055,34.91101837158203
2017-06-26,1100,41.61000061035156,41.61000061035156,41.61000061035156,41.61000061035156,35.173057556152344
2017-06-22,2500,41.529998779296875,41.529998779296875,41.444000244140625,41.51100158691406,35.089385986328125
2017-06-21,3400,41.45000076293945,41.59000015258789,41.45000076293945,41.59000015258789,35.15616226196289
2017-06-20,5800,41.70000076293945,41.83000183105469,41.650001525878906,41.77000045776367,35.30831527709961
2017-06-19,1500,41.65999984741211,41.65999984741211,41.5880012512207,41.5880012512207,35.154457092285156
2017-06-16,2000,41.54199981689453,41.58000183105469,41.53799819946289,41.564998626708984,35.1350212097168
2017-06-15,1200,41.68000030517578,41.68000030517578,41.57500076293945,41.5890007019043,35.15530776977539
2017-06-14,5300,41.72999954223633,41.7599983215332,41.68000030517578,41.7599983215332,35.29985427856445
2017-06-13,900,41.63999938964844,41.68000030517578,41.63999938964844,41.68000030517578,35.23222732543945
2017-06-12,300,41.65999984741211,41.65999984741211,41.65999984741211,41.65999984741211,35.21533203125
2017-06-09,500,41.48400115966797,41.48400115966797,41.48400115966797,41.48400115966797,35.066551208496094
2017-06-08,200,41.52000045776367,41.52000045776367,41.52000045776367,41.52000045776367,35.096988677978516
2017-06-06,3700,41.35900115966797,41.560001373291016,41.220001220703125,41.220001220703125,34.84341049194336
2017-06-05,6800,41.689998626708984,41.689998626708984,41.529998779296875,41.59000015258789,35.15616226196289
2017-06-02,5000,41.34000015258789,41.47999954223633,41.33100128173828,41.47999954223633,35.06317138671875
2017-06-01,1200,41.11000061035156,41.17300033569336,41.11000061035156,41.132999420166016,34.76984786987305
2017-05-31,1200,41.29999923706055,41.34000015258789,41.29999923706055,41.34000015258789,34.801971435546875
2017-05-30,2300,41.29999923706055,41.36199951171875,41.29999923706055,41.35100173950195,34.81123352050781
2017-05-26,500,41.35900115966797,41.35900115966797,41.349998474121094,41.349998474121094,34.81039810180664
2017-05-25,500,41.38999938964844,41.38999938964844,41.35499954223633,41.35499954223633,34.81460952758789
2017-05-23,700,41.29999923706055,41.29999923706055,41.263999938964844,41.263999938964844,34.737998962402344
2017-05-22,900,41.15999984741211,41.220001220703125,41.15999984741211,41.19499969482422,34.67989730834961
2017-05-16,1500,41.20000076293945,41.20000076293945,41.14799880981445,41.14799880981445,34.640342712402344
2017-05-12,3500,41.119998931884766,41.119998931884766,41.0620002746582,41.099998474121094,34.59993362426758
2017-05-10,500,41.0099983215332,41.0099983215332,41.0099983215332,41.0099983215332,34.52416229248047
2017-05-08,2500,41.06999969482422,41.099998474121094,41.05500030517578,41.05500030517578,34.562049865722656
2017-05-05,3600,40.8489990234375,40.95500183105469,40.84000015258789,40.948001861572266,34.47197341918945
2017-05-04,3100,41.0099983215332,41.09000015258789,40.959999084472656,41.09000015258789,34.591514587402344
2017-05-03,900,41.15999984741211,41.16999816894531,41.15999984741211,41.165000915527344,34.65465545654297
2017-05-02,600,41.154998779296875,41.1609992980957,41.154998779296875,41.1609992980957,34.65129470825195
2017-05-01,100,41.130001068115234,41.130001068115234,41.130001068115234,41.130001068115234,34.625186920166016
2017-04-28,300,41.2859992980957,41.321998596191406,41.2859992980957,41.321998596191406,34.639495849609375
2017-04-27,2400,41.41999816894531,41.41999816894531,41.375,41.404998779296875,34.70909118652344
2017-04-26,1500,41.36899948120117,41.38999938964844,41.347999572753906,41.380001068115234,34.6881217956543
2017-04-25,200,41.255001068115234,41.255001068115234,41.255001068115234,41.255001068115234,34.58333969116211
2017-04-24,2600,41.13999938964844,41.13999938964844,41.06800079345703,41.06800079345703,34.42657470703125
2017-04-21,700,41.130001068115234,41.130001068115234,40.97999954223633,40.97999954223633,34.352813720703125
2017-04-20,1400,41,41.012001037597656,41,41.012001037597656,34.379642486572266
2017-04-18,3000,41.099998474121094,41.11000061035156,41.0890007019043,41.09000015258789,34.445011138916016
2017-04-17,3500,41.04999923706055,41.04999923706055,41.00199890136719,41.04999923706055,34.411468505859375
2017-04-13,500,41.00899887084961,41.06999969482422,41.00899887084961,41.0260009765625,34.391357421875
2017-04-11,100,41.150001525878906,41.150001525878906,41.150001525878906,41.150001525878906,34.49528884887695
2017-04-10,700,41.09000015258789,41.09000015258789,40.939998626708984,40.939998626708984,34.319278717041016
2017-04-07,1700,41.03799819946289,41.05099868774414,40.99700164794922,41.02799987792969,34.393043518066406
2017-04-06,2100,40.90399932861328,41.02000045776367,40.90399932861328,41.005001068115234,34.37375259399414
2017-04-05,50600,40.900001525878906,41.04999923706055,40.849998474121094,41.04999923706055,34.411468505859375
2017-04-04,1800,41.04999923706055,41.060001373291016,41.04999923706055,41.060001373291016,34.41987609863281
2017-04-03,1400,40.99300003051758,41,40.9900016784668,40.994998931884766,34.3653678894043
2017-03-31,4900,41.095001220703125,41.15999984741211,41.06399917602539,41.13999938964844,34.34273910522461
2017-03-30,1400,40.981998443603516,41.04999923706055,40.981998443603516,41.04999923706055,34.267616271972656
2017-03-29,300,40.77799987792969,40.87799835205078,40.77799987792969,40.87799835205078,34.1240234375
2017-03-28,1300,40.59000015258789,40.61399841308594,40.59000015258789,40.61399841308594,33.903656005859375
2017-03-27,600,40.41999816894531,40.78499984741211,40.41999816894531,40.78499984741211,34.0463981628418
2017-03-24,1200,40.68899917602539,40.75,40.68899917602539,40.72200012207031,33.993804931640625
2017-03-23,900,40.7599983215332,40.7599983215332,40.709999084472656,40.709999084472656,33.98378372192383
2017-03-22,200,40.755001068115234,40.79999923706055,40.755001068115234,40.79999923706055,34.05892562866211
2017-03-21,1000,40.88100051879883,40.90700149536133,40.88100051879883,40.90700149536133,34.148250579833984
2017-03-20,300,41.00600051879883,41.00600051879883,41.00600051879883,41.00600051879883,34.230892181396484
2017-03-17,400,41.07500076293945,41.09000015258789,41.07500076293945,41.09000015258789,34.30100631713867
2017-03-16,200,40.933998107910156,40.933998107910156,40.933998107910156,40.933998107910156,34.1707878112793
2017-03-15,700,40.55799865722656,40.65599822998047,40.55799865722656,40.65599822998047,33.93870544433594
2017-03-13,700,40.86199951171875,40.86199951171875,40.85300064086914,40.85300064086914,34.10317611694336
2017-03-10,1000,40.720001220703125,40.79399871826172,40.720001220703125,40.79399871826172,34.05390930175781
2017-03-09,6200,40.97999954223633,40.97999954223633,40.68000030517578,40.869998931884766,34.117340087890625
2017-03-08,2900,41.24399948120117,41.24399948120117,41.060001373291016,41.060001373291016,34.275962829589844
2017-03-07,500,41.35900115966797,41.36000061035156,41.34199905395508,41.34199905395508,34.51136779785156
2017-03-06,6200,40.900001525878906,41.470001220703125,40.900001525878906,41.38999938964844,34.55144119262695
2017-03-03,2600,41.426998138427734,41.44499969482422,41.275001525878906,41.275001525878906,34.455440521240234
2017-03-02,2700,41.42599868774414,41.59000015258789,41.42599868774414,41.59000015258789,34.7183952331543
2017-03-01,2600,41.31999969482422,41.31999969482422,41.17399978637695,41.209999084472656,34.401180267333984
2017-02-28,1500,41.61000061035156,41.61000061035156,41.58000183105469,41.58000183105469,34.561458587646484
2017-02-27,3200,41.75,41.75,41.51599884033203,41.52899932861328,34.519065856933594
2017-02-24,3200,41.516998291015625,41.56700134277344,41.356998443603516,41.52000045776367,34.51158905029297
2017-02-23,500,41.356998443603516,41.426998138427734,41.356998443603516,41.426998138427734,34.43429183959961
2017-02-22,2400,41.439998626708984,41.439998626708984,41.32400131225586,41.43000030517578,34.436771392822266
2017-02-21,5000,41.36000061035156,41.38999938964844,41.34600067138672,41.349998474121094,34.37027359008789
2017-02-16,700,41.349998474121094,41.349998474121094,41.27799987792969,41.34000015258789,34.361968994140625
2017-02-15,2500,41.31999969482422,41.33000183105469,41.20000076293945,41.310001373291016,34.3370361328125
2017-02-14,600,41.369998931884766,41.369998931884766,41.3380012512207,41.3380012512207,34.360313415527344
2017-02-13,700,41.266998291015625,41.266998291015625,41.11199951171875,41.11199951171875,34.172454833984375
2017-02-10,3600,41.209999084472656,41.209999084472656,40.99100112915039,40.99100112915039,34.07188034057617
2017-02-09,1100,40.98400115966797,41.209999084472656,40.98400115966797,41.20000076293945,34.2455940246582
2017-02-08,5300,41.279998779296875,41.279998779296875,41.09400177001953,41.18000030517578,34.22897720336914
2017-02-07,1100,41.290000915527344,41.290000915527344,41.18000030517578,41.18000030517578,34.22897720336914
2017-02-06,2000,41.20000076293945,41.20000076293945,41.15999984741211,41.16999816894531,34.220664978027344
2017-02-03,4700,41.15999984741211,41.15999984741211,40.9119987487793,41.06999969482422,34.13754653930664
2017-02-02,1900,40.84400177001953,40.900001525878906,40.691001892089844,40.691001892089844,33.82252502441406
2017-02-01,3200,40.84000015258789,40.849998474121094,40.79999923706055,40.79999923706055,33.913116455078125
2017-01-31,500,41.00899887084961,41.00899887084961,40.84700012207031,40.84700012207031,33.8133659362793
2017-01-30,1300,41.013999938964844,41.11000061035156,41.013999938964844,41.0629997253418,33.9921875
2017-01-27,800,40.9109992980957,41.099998474121094,40.9109992980957,41.060001373291016,33.98969650268555
2017-01-26,5500,40.91999816894531,41.02000045776367,40.89500045776367,40.994998931884766,33.93589401245117
2017-01-25,400,40.970001220703125,40.970001220703125,40.91999816894531,40.91999816894531,33.873809814453125
2017-01-24,900,40.70100021362305,40.79999923706055,40.65700149536133,40.790000915527344,33.766197204589844
2017-01-23,2800,40.61899948120117,40.79999923706055,40.54999923706055,40.57400131225586,33.5873908996582
2017-01-20,800,40.72999954223633,40.72999954223633,40.70600128173828,40.72700119018555,33.71403884887695
2017-01-19,2100,40.72999954223633,40.84700012207031,40.630001068115234,40.67100143432617,33.66767883300781
2017-01-18,2000,40.83000183105469,40.849998474121094,40.7400016784668,40.849998474121094,33.81586456298828
2017-01-17,6200,40.939998626708984,41.145999908447266,40.79999923706055,40.861000061035156,33.8249626159668
2017-01-13,1200,41.040000915527344,41.040000915527344,40.79899978637695,40.845001220703125,33.811710357666016
2017-01-12,2600,40.959999084472656,40.9900016784668,40.959999084472656,40.970001220703125,33.91520690917969
2017-01-11,4800,40.75,41.07699966430664,40.75,40.97100067138672,33.91604232788086
2017-01-10,4600,40.779998779296875,40.91999816894531,40.779998779296875,40.90999984741211,33.86552047729492
2017-01-09,4200,40.6609992980957,40.867000579833984,40.6609992980957,40.78099822998047,33.75872802734375
2017-01-05,5100,40.86000061035156,41.09400177001953,40.83000183105469,41.09400177001953,34.017845153808594
2017-01-04,7200,40.68000030517578,40.93000030517578,40.5880012512207,40.93000030517578,33.88209533691406
2017-01-03,3000,40.30099868774414,40.529998779296875,40.2400016784668,40.529998779296875,33.550960540771484
2016-12-30,1000,40.75,40.75,40.27000045776367,40.27000045776367,33.33572769165039
2016-12-29,1900,40.369998931884766,40.439998626708984,40.369998931884766,40.439998626708984,33.4764518737793
2016-12-28,1200,40.810001373291016,40.810001373291016,40.30699920654297,40.400001525878906,33.44334411621094
2016-12-27,400,40.86000061035156,40.86000061035156,40.446998596191406,40.44900131225586,33.340694427490234
2016-12-23,200,40.4010009765625,40.4010009765625,40.4010009765625,40.4010009765625,33.30113220214844
2016-12-22,3900,40.47999954223633,40.5099983215332,40.22999954223633,40.50699996948242,33.38848876953125
2016-12-21,700,40.42100143432617,40.42100143432617,40.42100143432617,40.42100143432617,33.31761932373047
2016-12-20,400,40.3650016784668,40.3650016784668,40.3650016784668,40.3650016784668,33.271461486816406
2016-12-19,900,40.242000579833984,40.52000045776367,40.242000579833984,40.5099983215332,33.390968322753906
2016-12-16,400,40.43000030517578,40.43000030517578,40.2859992980957,40.2859992980957,33.20634841918945
2016-12-15,4100,40.43000030517578,40.44499969482422,40.0099983215332,40.38999938964844,33.29206466674805
2016-12-14,800,40.40800094604492,40.560001373291016,40.33000183105469,40.33000183105469,33.242610931396484
2016-12-13,1300,40.70000076293945,40.70000076293945,40.31800079345703,40.68000030517578,33.53109359741211
2016-12-12,15400,40.08000183105469,40.54999923706055,40.08000183105469,40.5099983215332,33.390968322753906
2016-12-09,1200,40.16999816894531,40.189998626708984,40.16899871826172,40.189998626708984,33.12720489501953
2016-12-08,3100,39.849998474121094,40.15999984741211,39.849998474121094,40.15999984741211,33.10248947143555
2016-12-07,4600,39.72999954223633,39.939998626708984,39.720001220703125,39.93000030517578,32.91289520263672
2016-12-06,2900,39.72999954223633,39.83000183105469,39.72999954223633,39.83000183105469,32.83047103881836
2016-12-05,100,39.51499938964844,39.51499938964844,39.51499938964844,39.51499938964844,32.57083511352539
2016-12-02,200,39.51499938964844,39.51499938964844,39.51499938964844,39.51499938964844,32.57083511352539
2016-12-01,200,39.49100112915039,39.49100112915039,39.49100112915039,39.49100112915039,32.55104446411133
2016-11-30,700,39.52000045776367,39.52000045776367,39.52000045776367,39.52000045776367,32.43318176269531
2016-11-29,400,39.44300079345703,39.47999954223633,39.44300079345703,39.47999954223633,32.40035629272461
2016-11-28,600,39.9900016784668,39.9900016784668,39.46799850463867,39.46799850463867,32.39051055908203
2016-11-25,500,39.34400177001953,39.59000015258789,39.34400177001953,39.59000015258789,32.49062728881836
2016-11-23,500,39.869998931884766,39.869998931884766,39.54999923706055,39.56999969482422,32.474212646484375
2016-11-22,3000,39.5099983215332,39.5099983215332,39.5099983215332,39.5099983215332,32.42498016357422
2016-11-21,300,39.61899948120117,39.790000915527344,39.61899948120117,39.790000915527344,32.65476989746094
2016-11-18,400,39.470001220703125,39.68600082397461,39.470001220703125,39.68600082397461,32.56941604614258
2016-11-17,300,39.680999755859375,39.680999755859375,39.680999755859375,39.680999755859375,32.565303802490234
2016-11-16,3200,39.35900115966797,39.43000030517578,39.356998443603516,39.400001525878906,32.33469772338867
2016-11-11,500,39.31999969482422,39.31999969482422,39.31999969482422,39.31999969482422,32.26904296875
2016-11-09,2200,39.52000045776367,39.779998779296875,39.507999420166016,39.75,32.6219482421875
2016-11-08,200,39.5989990234375,39.5989990234375,39.5989990234375,39.5989990234375,32.49801254272461
2016-11-04,3600,39.33000183105469,39.34000015258789,39.27000045776367,39.27000045776367,32.22801971435547
2016-11-02,2800,39.5,39.5,39.46200180053711,39.46200180053711,32.385581970214844
2016-11-01,3700,39.652000427246094,39.68000030517578,39.630001068115234,39.630001068115234,32.52345657348633
2016-10-28,1100,40.013999938964844,40.29999923706055,40.013999938964844,40.29999923706055,32.92805480957031
2016-10-27,500,40.349998474121094,40.349998474121094,40.29999923706055,40.29999923706055,32.92805480957031
2016-10-26,900,40.4900016784668,40.5099983215332,40.4900016784668,40.5099983215332,33.09961700439453
2016-10-25,900,40.560001373291016,40.58000183105469,40.540000915527344,40.58000183105469,33.15683364868164
2016-10-24,4000,40.209999084472656,40.470001220703125,40.130001068115234,40.37799835205078,32.99177932739258
2016-10-21,200,40.36399841308594,40.36399841308594,40.36399841308594,40.36399841308594,32.98033905029297
2016-10-20,800,40.36000061035156,40.41999816894531,40.36000061035156,40.36000061035156,32.97707748413086
2016-10-19,900,40.42300033569336,40.42300033569336,40.38999938964844,40.38999938964844,33.00159454345703
2016-10-18,1600,40.400001525878906,40.400001525878906,40.38999938964844,40.38999938964844,33.00159454345703
2016-10-17,6100,39.900001525878906,39.959999084472656,39.900001525878906,39.939998626708984,32.63389587402344
2016-10-13,1500,40.040000915527344,40.040000915527344,40.040000915527344,40.040000915527344,32.71561813354492
2016-10-12,3100,40.38999938964844,40.47999954223633,40.375999450683594,40.428001403808594,33.03263473510742
2016-10-11,4500,40.452999114990234,40.61000061035156,40.369998931884766,40.61000061035156,33.18134307861328
2016-10-07,800,40.29999923706055,40.29999923706055,40.189998626708984,40.189998626708984,32.83816909790039
2016-10-06,500,40.36000061035156,40.369998931884766,40.310001373291016,40.36000061035156,32.97707748413086
2016-10-05,2400,40.33000183105469,40.36000061035156,40.19599914550781,40.19599914550781,32.84307098388672
2016-10-04,800,40.48899841308594,40.48899841308594,40.45000076293945,40.45000076293945,33.05060577392578
2016-10-03,500,40.400001525878906,40.45199966430664,40.400001525878906,40.45199966430664,33.05224609375
2016-09-30,300,40.61000061035156,40.61000061035156,40.61000061035156,40.61000061035156,33.036712646484375
2016-09-29,2700,40.86800003051758,40.86800003051758,40.59000015258789,40.720001220703125,33.12620544433594
2016-09-26,600,40.5,40.5,40.5,40.5,32.94723892211914
2016-09-23,700,40.56999969482422,40.56999969482422,40.56999969482422,40.56999969482422,33.004180908203125
2016-09-22,200,40.380001068115234,40.380001068115234,40.380001068115234,40.380001068115234,32.84962463378906
2016-09-21,400,40.38999938964844,40.46900177001953,40.38999938964844,40.46900177001953,32.92202377319336
2016-09-20,1300,39.83000183105469,39.83000183105469,39.79999923706055,39.83000183105469,32.40217971801758
2016-09-19,1400,40.41999816894531,40.470001220703125,39.7400016784668,39.840999603271484,32.4111328125
2016-09-16,900,39.529998779296875,40.303001403808594,39.5,40.303001403808594,32.78697967529297
2016-09-15,2000,39.400001525878906,39.439998626708984,39.400001525878906,39.41999816894531,32.06863784790039
2016-09-14,3400,39.310001373291016,39.5099983215332,39.29999923706055,39.29999923706055,31.971017837524414
2016-09-13,4000,40.2599983215332,40.310001373291016,39.202999114990234,39.202999114990234,31.89211082458496
2016-09-12,3500,39.54999923706055,39.71699905395508,39.54999923706055,39.689998626708984,32.28827667236328
2016-09-09,1500,40.310001373291016,40.529998779296875,39.630001068115234,39.630001068115234,32.23948669433594
2016-09-08,300,40.709999084472656,40.9640007019043,40.709999084472656,40.9640007019043,33.324710845947266
2016-09-07,1700,40.810001373291016,40.81999969482422,40.810001373291016,40.81999969482422,33.20756912231445
2016-09-06,700,41.119998931884766,41.119998931884766,41.119998931884766,41.119998931884766,33.45160675048828
2016-09-02,2600,40.33000183105469,40.79499816894531,40.150001525878906,40.150001525878906,32.66250228881836
2016-09-01,2300,40.20000076293945,40.71500015258789,40.20000076293945,40.689998626708984,33.101806640625
2016-08-31,400,40.71799850463867,40.71799850463867,40.16999816894531,40.69200134277344,32.96106719970703
2016-08-30,500,40.400001525878906,40.40299987792969,40.400001525878906,40.4010009765625,32.72534942626953
2016-08-29,900,40.68000030517578,40.779998779296875,40.650001525878906,40.70000076293945,32.96754837036133
2016-08-26,6100,40.79999923706055,40.95000076293945,40.36000061035156,40.52199935913086,32.823368072509766
2016-08-24,300,40.875,40.875,40.875,40.875,33.10929870605469
2016-08-23,1600,40.970001220703125,40.970001220703125,40.34000015258789,40.34000015258789,32.675933837890625
2016-08-18,600,40.630001068115234,40.630001068115234,40.36000061035156,40.36000061035156,32.692138671875
2016-08-17,2000,40.619998931884766,40.650001525878906,40.130001068115234,40.130001068115234,32.505828857421875
2016-08-16,1700,40.5,40.779998779296875,40.5,40.7599983215332,33.01613998413086
2016-08-15,1700,40.81999969482422,40.86000061035156,40.28200149536133,40.28200149536133,32.62896728515625
2016-08-11,1900,40.400001525878906,40.810001373291016,40.400001525878906,40.810001373291016,33.0566520690918
2016-08-10,100,40.46200180053711,40.46200180053711,40.46200180053711,40.46200180053711,32.77476501464844
2016-08-09,1000,39.84000015258789,40.29999923706055,39.84000015258789,40.29999923706055,32.6435432434082
2016-08-08,2900,39.709999084472656,40.380001068115234,39.709999084472656,40.0099983215332,32.408634185791016
2016-08-05,1300,40.332000732421875,40.58000183105469,40.332000732421875,40.58000183105469,32.87033462524414
2016-08-04,300,39.75600051879883,39.75600051879883,39.75600051879883,39.75600051879883,32.20289993286133
2016-08-03,700,40.029998779296875,40.029998779296875,40.029998779296875,40.029998779296875,32.42483139038086
2016-08-01,1500,39.582000732421875,39.582000732421875,39.349998474121094,39.349998474121094,31.874021530151367
2016-07-29,800,40.32899856567383,40.43000030517578,40.13999938964844,40.13999938964844,32.37622833251953
2016-07-28,800,39.689998626708984,39.689998626708984,39.689998626708984,39.689998626708984,32.013267517089844
2016-07-26,800,39.59000015258789,39.59000015258789,39.59000015258789,39.59000015258789,31.9326229095459
2016-07-25,800,39.66999816894531,39.66999816894531,39.66999816894531,39.66999816894531,31.99712562561035
2016-07-22,3500,40.47999954223633,40.483001708984375,39.7599983215332,39.7599983215332,32.069740295410156
2016-07-21,2400,39.560001373291016,40.13999938964844,39.481998443603516,39.4900016784668,31.85196304321289
2016-07-20,1700,40.0099983215332,40.029998779296875,40,40.029998779296875,32.28752136230469
2016-07-19,1500,40.180999755859375,40.180999755859375,40.029998779296875,40.029998779296875,32.28752136230469
2016-07-18,7700,39.95000076293945,39.95000076293945,39.86000061035156,39.861000061035156,32.15120315551758
2016-07-15,6000,40.189998626708984,40.19499969482422,39.540000915527344,39.540000915527344,31.89227867126465
2016-07-14,1800,39.47999954223633,40.279998779296875,39.47999954223633,39.5099983215332,31.868099212646484
2016-07-13,4400,39.62200164794922,40.2599983215332,39.540000915527344,39.540000915527344,31.89227867126465
2016-07-12,2200,40.25,40.25,40,40,32.26332473754883
2016-07-11,4500,39.84000015258789,40.0099983215332,39.72999954223633,39.72999954223633,32.0455322265625
2016-07-08,1800,39.540000915527344,39.77799987792969,39.290000915527344,39.290000915527344,31.69064712524414
2016-07-07,1000,38.81999969482422,39.5099983215332,38.79999923706055,39.5099983215332,31.868099212646484
2016-07-06,1500,39.560001373291016,39.560001373291016,39.02000045776367,39.02000045776367,31.472877502441406
2016-07-05,2600,39.630001068115234,39.630001068115234,39.290000915527344,39.290000915527344,31.69064712524414
2016-07-01,1800,39.65999984741211,39.678001403808594,39.18000030517578,39.18000030517578,31.601911544799805
2016-06-30,1600,38.849998474121094,38.849998474121094,38.84000015258789,38.84000015258789,31.26717185974121
2016-06-29,6300,38.599998474121094,39.099998474121094,38.599998474121094,38.61000061035156,31.08202362060547
2016-06-28,377100,38.45399856567383,39.04999923706055,38.45399856567383,39.04999923706055,31.436235427856445
2016-06-27,7100,38.689998626708984,39.16999816894531,38.63800048828125,38.8489990234375,31.274429321289062
2016-06-23,400,39.27000045776367,39.27000045776367,38.869998931884766,38.869998931884766,31.291337966918945
2016-06-22,300,39.08000183105469,39.08000183105469,39.040000915527344,39.040000915527344,31.428190231323242
2016-06-21,3400,39.5,39.5,38.619998931884766,38.99300003051758,31.390356063842773
2016-06-20,1700,38.95000076293945,39.0099983215332,38.95000076293945,38.9900016784668,31.3879451751709
2016-06-17,2400,38.470001220703125,38.560001373291016,38.459999084472656,38.55500030517578,31.037736892700195
2016-06-16,800,38.6510009765625,38.6510009765625,38.6510009765625,38.6510009765625,31.115032196044922
2016-06-15,5900,38.34000015258789,38.80500030517578,38.33000183105469,38.47999954223633,30.977373123168945
2016-06-14,7900,38.41999816894531,38.608001708984375,38.400001525878906,38.48699951171875,30.983013153076172
2016-06-13,900,38.70000076293945,38.720001220703125,38.70000076293945,38.720001220703125,31.170570373535156
2016-06-10,300,38.80799865722656,38.80799865722656,38.80799865722656,38.80799865722656,31.241426467895508
2016-06-08,500,39.15999984741211,39.15999984741211,38.900001525878906,38.970001220703125,31.371828079223633
2016-06-07,2200,39.029998779296875,39.099998474121094,39.029998779296875,39.060001373291016,31.44428253173828
2016-06-06,3000,38.84000015258789,38.900001525878906,38.525001525878906,38.88999938964844,31.30743408203125
2016-06-03,400,38.439998626708984,38.560001373291016,38.439998626708984,38.560001373291016,31.041790008544922
2016-06-02,900,38.869998931884766,38.869998931884766,38.24399948120117,38.619998931884766,31.09007453918457
2016-06-01,3000,38.560001373291016,38.59600067138672,38.54999923706055,38.59600067138672,31.070758819580078
2016-05-31,500,38.27000045776367,38.310001373291016,38.27000045776367,38.290000915527344,30.717355728149414
2016-05-27,6400,38.529998779296875,38.59000015258789,38.472999572753906,38.540000915527344,30.917909622192383
2016-05-26,1100,38.540000915527344,38.54999923706055,38.540000915527344,38.540000915527344,30.917909622192383
2016-05-25,400,38.18000030517578,38.35900115966797,38.18000030517578,38.35900115966797,30.772693634033203
2016-05-24,1400,38.25600051879883,38.32500076293945,38.09000015258789,38.32099914550781,30.742223739624023
2016-05-23,7000,37.95000076293945,38.29999923706055,37.810001373291016,38.29999923706055,30.725366592407227
2016-05-20,1200,37.880001068115234,37.959999084472656,37.869998931884766,37.959999084472656,30.452600479125977
2016-05-19,2300,38.040000915527344,38.150001525878906,38.040000915527344,38.150001525878906,30.605043411254883
2016-05-18,1500,38.31999969482422,38.36000061035156,38.20000076293945,38.220001220703125,30.66119956970215
2016-05-17,900,38.310001373291016,38.33000183105469,38.2599983215332,38.2599983215332,30.69329261779785
2016-05-16,100,38.11000061035156,38.11000061035156,38.11000061035156,38.11000061035156,30.572952270507812
2016-05-13,2200,38.209999084472656,38.22999954223633,38.11000061035156,38.11000061035156,30.572952270507812
2016-05-12,1200,38.29899978637695,38.29899978637695,38.15299987792969,38.17100143432617,30.62187957763672
2016-05-11,4400,38.18000030517578,38.36000061035156,37.77000045776367,38.31999969482422,30.741422653198242
2016-05-10,1800,38.145999908447266,38.189998626708984,38.14500045776367,38.189998626708984,30.637121200561523
2016-05-09,1700,38.02000045776367,38.119998931884766,37.63999938964844,37.63999938964844,30.195892333984375
2016-05-06,200,38.034000396728516,38.034000396728516,38.034000396728516,38.034000396728516,30.511980056762695
2016-05-05,600,38.03900146484375,38.06700134277344,38.03900146484375,38.06700134277344,30.53844451904297
2016-05-04,1200,38.11000061035156,38.13199996948242,37.94900131225586,37.94900131225586,30.44379425048828
2016-05-03,300,37.689998626708984,38.08599853515625,37.689998626708984,38.08599853515625,30.55368995666504
2016-05-02,1600,38.459999084472656,38.459999084472656,38.38999938964844,38.41999816894531,30.82163429260254
2016-04-29,2000,38.5,38.5,38.400001525878906,38.400001525878906,30.698898315429688
2016-04-28,500,38.07500076293945,38.630001068115234,38.07500076293945,38.630001068115234,30.882770538330078
2016-04-27,100,38.5099983215332,38.5099983215332,38.5099983215332,38.5099983215332,30.786842346191406
2016-04-26,500,38.44499969482422,38.44499969482422,38.439998626708984,38.439998626708984,30.730873107910156
2016-04-25,1000,38.400001525878906,38.400001525878906,38.36000061035156,38.369998931884766,30.674909591674805
2016-04-22,500,38.34000015258789,38.369998931884766,38.34000015258789,38.369998931884766,30.674909591674805
2016-04-21,300,38.560001373291016,38.560001373291016,38.560001373291016,38.560001373291016,30.82681655883789
2016-04-20,800,38.529998779296875,38.59000015258789,38.52000045776367,38.59000015258789,30.850797653198242
2016-04-19,200,38.33000183105469,38.33000183105469,38.33000183105469,38.33000183105469,30.6429443359375
2016-04-18,300,37.9900016784668,37.9900016784668,37.9900016784668,37.9900016784668,30.371124267578125
2016-04-15,700,37.933998107910156,37.933998107910156,37.93000030517578,37.93000030517578,30.323144912719727
2016-04-14,5400,38.07500076293945,38.07899856567383,37.619998931884766,37.619998931884766,30.075328826904297
2016-04-12,1800,37.65599822998047,37.7599983215332,37.48899841308594,37.7599983215332,30.187246322631836
2016-04-11,800,37.61000061035156,37.650001525878906,37.61000061035156,37.650001525878906,30.099306106567383
2016-04-08,1200,37.310001373291016,37.369998931884766,37.310001373291016,37.358001708984375,29.86588478088379
2016-04-07,600,37.38999938964844,37.38999938964844,37.2599983215332,37.2599983215332,29.78752899169922
2016-04-06,400,37.63999938964844,37.63999938964844,37.25,37.25,29.7795352935791
2016-04-05,2000,37.15999984741211,37.40599822998047,37.154998779296875,37.3650016784668,29.8714599609375
2016-04-04,1800,37.3849983215332,37.56999969482422,37.3849983215332,37.53900146484375,30.01056480407715
2016-04-01,300,37.51499938964844,37.51499938964844,37.51499938964844,37.51499938964844,29.99138832092285
2016-03-31,2500,37.22999954223633,37.599998474121094,37.22999954223633,37.56700134277344,30.032962799072266
2016-03-30,1900,37.558998107910156,37.558998107910156,37.53900146484375,37.55799865722656,30.025760650634766
2016-03-29,1800,37.209999084472656,37.31999969482422,37.209999084472656,37.31999969482422,29.83548927307129
2016-03-28,1600,37.099998474121094,37.33000183105469,37.099998474121094,37.33000183105469,29.843496322631836
2016-03-24,7000,37.28499984741211,37.61399841308594,36.9900016784668,37.61399841308594,30.070526123046875
2016-03-23,3200,37.189998626708984,37.35100173950195,37.189998626708984,37.220001220703125,29.75554847717285
2016-03-22,400,37.15999984741211,37.2599983215332,37.15999984741211,37.2599983215332,29.78752899169922
2016-03-21,900,37.26300048828125,37.26300048828125,37.26300048828125,37.26300048828125,29.789920806884766
2016-03-18,2400,37.25,37.314998626708984,37.2400016784668,37.3120002746582,29.8291072845459
2016-03-17,9400,37.150001525878906,37.36800003051758,36.95199966430664,37.36600112915039,29.87226676940918
2016-03-16,700,36.608001708984375,36.66999816894531,36.56999969482422,36.66999816894531,29.31585693359375
2016-03-15,8800,36.66999816894531,36.66999816894531,36.40999984741211,36.650001525878906,29.29986000061035
2016-03-14,3300,36.630001068115234,36.75,36.51599884033203,36.75,29.37980842590332
2016-03-11,4600,36.34000015258789,36.47999954223633,36.34000015258789,36.47999954223633,29.163951873779297
2016-03-10,1300,36.31999969482422,36.31999969482422,36.25,36.2599983215332,28.988065719604492
2016-03-09,1600,36.27000045776367,36.27000045776367,36.249000549316406,36.2599983215332,28.988065719604492
2016-03-08,1800,36.51900100708008,36.51900100708008,36.400001525878906,36.428001403808594,29.122373580932617
2016-03-07,1300,36.262001037597656,36.439998626708984,36.2599983215332,36.439998626708984,29.131969451904297
2016-03-04,3100,36.29899978637695,36.37900161743164,36.2599983215332,36.27000045776367,28.996065139770508
2016-03-03,5700,35.79999923706055,35.959999084472656,35.79999923706055,35.88199996948242,28.685890197753906
2016-03-02,40300,35.54999923706055,35.59199905395508,35.47999954223633,35.59199905395508,28.45404815673828
2016-03-01,1200,35.400001525878906,35.5099983215332,35.400001525878906,35.5099983215332,28.38848114013672
2016-02-29,2800,35.279998779296875,35.439998626708984,35.279998779296875,35.439998626708984,28.332521438598633
2016-02-26,500,35.27899932861328,35.27899932861328,35.237998962402344,35.237998962402344,28.171043395996094
2016-02-25,4500,34.91999816894531,34.91999816894531,34.849998474121094,34.849998474121094,27.860849380493164
2016-02-24,10900,34.67499923706055,34.810001373291016,34.672000885009766,34.810001373291016,27.82887840270996
2016-02-23,500,34.77000045776367,34.79999923706055,34.77000045776367,34.79999923706055,27.820873260498047
2016-02-22,45600,34.8390007019043,34.869998931884766,34.75,34.86000061035156,27.868846893310547
2016-02-17,1900,34.67300033569336,34.70500183105469,34.48899841308594,34.70500183105469,27.744930267333984
2016-02-16,1400,34,34.112998962402344,33.9900016784668,34.112998962402344,27.271656036376953
2016-02-12,800,33.68000030517578,33.68000030517578,33.650001525878906,33.650001525878906,26.901514053344727
2016-02-11,600,33.69300079345703,33.69300079345703,33.69300079345703,33.69300079345703,26.93589210510254
2016-02-10,900,34.279998779296875,34.279998779296875,34.279998779296875,34.279998779296875,27.405166625976562
2016-02-09,2000,34.150001525878906,34.20000076293945,34.040000915527344,34.20000076293945,27.341205596923828
2016-02-08,1000,34.58000183105469,34.650001525878906,34.4900016784668,34.4900016784668,27.57304573059082
2016-02-05,300,35.082000732421875,35.082000732421875,35.082000732421875,35.082000732421875,28.046316146850586
2016-02-03,7000,34.983001708984375,35.130001068115234,34.81700134277344,35.130001068115234,28.08469581604004
2016-02-02,1900,34.90800094604492,35.2400016784668,34.90800094604492,35.2400016784668,28.172632217407227
2016-02-01,24400,35.31999969482422,35.400001525878906,35.31999969482422,35.400001525878906,28.300548553466797
2016-01-29,1700,35.459999084472656,35.529998779296875,35.459999084472656,35.529998779296875,28.293352127075195
2016-01-28,3200,35.20000076293945,35.36000061035156,35.20000076293945,35.349998474121094,28.150012969970703
2016-01-27,900,35.08000183105469,35.08000183105469,34.97999954223633,35.04999923706055,27.911115646362305
2016-01-26,200,35.13800048828125,35.13800048828125,35.13800048828125,35.13800048828125,27.9811954498291
2016-01-25,200,34.7599983215332,34.7599983215332,34.7599983215332,34.7599983215332,27.68018341064453
2016-01-22,10000,34.68000030517578,34.91999816894531,34.65999984741211,34.91999816894531,27.807605743408203
2016-01-21,5800,34.18000030517578,34.56999969482422,34.15999984741211,34.56999969482422,27.528888702392578
2016-01-20,3400,33.81999969482422,34.45000076293945,33.81999969482422,34,27.07497215270996
2016-01-19,3300,34.77000045776367,34.77000045776367,34.56999969482422,34.56999969482422,27.528888702392578
2016-01-14,100,35.22999954223633,35.22999954223633,35.22999954223633,35.22999954223633,28.054454803466797
2016-01-13,4900,35.63999938964844,35.63999938964844,35.209999084472656,35.209999084472656,28.03852653503418
2016-01-12,1300,35.45000076293945,35.45000076293945,35.3390007019043,35.34000015258789,28.14204216003418
2016-01-11,1500,36.029998779296875,36.029998779296875,35.52000045776367,35.52000045776367,28.285390853881836
2016-01-08,1400,35.84000015258789,35.970001220703125,35.77000045776367,35.77000045776367,28.484466552734375
2016-01-06,3100,36.36000061035156,36.36899948120117,36.349998474121094,36.36899948120117,28.96147346496582
2016-01-05,300,36.5,36.52899932861328,36.5,36.52899932861328,29.088882446289062
2016-01-04,1600,36.65999984741211,36.65999984741211,36.41999816894531,36.41999816894531,29.00206184387207
2015-12-31,3800,36.720001220703125,36.81999969482422,36.66999816894531,36.819000244140625,29.319795608520508
2015-12-30,2300,36.689998626708984,36.689998626708984,36.650001525878906,36.66899871826172,29.200361251831055
2015-12-29,3700,36.810001373291016,36.81999969482422,36.5989990234375,36.5989990234375,29.144620895385742
2015-12-28,2800,36.68000030517578,36.68000030517578,36.56999969482422,36.61000061035156,29.153371810913086
2015-12-24,2800,36.83000183105469,36.880001068115234,36.79999923706055,36.82400131225586,29.323802947998047
2015-12-23,5100,36.599998474121094,36.61899948120117,36.303001403808594,36.303001403808594,28.908905029296875
2015-12-21,800,36.29999923706055,36.29999923706055,36.2869987487793,36.2869987487793,28.74724578857422
2015-12-18,5700,36.58000183105469,36.58000183105469,36.2400016784668,36.2400016784668,28.710018157958984
2015-12-17,6300,36.5,36.650001525878906,36.34400177001953,36.43000030517578,28.860549926757812
2015-12-16,6700,36.31999969482422,36.5099983215332,36.31999969482422,36.5099983215332,28.923913955688477
2015-12-15,2300,35.90999984741211,36.15299987792969,35.90999984741211,36.15299987792969,28.641098022460938
2015-12-14,1700,35.83000183105469,35.939998626708984,35.71099853515625,35.71099853515625,28.290943145751953
2015-12-11,6200,36.7599983215332,36.7599983215332,36.15999984741211,36.15999984741211,28.646644592285156
2015-12-10,5600,36.83599853515625,36.880001068115234,36.83599853515625,36.87900161743164,29.216259002685547
2015-12-09,8700,36.849998474121094,36.9900016784668,36.75600051879883,36.779998779296875,29.137821197509766
2015-12-08,1200,36.65999984741211,36.709999084472656,36.65999984741211,36.709999084472656,29.08236312866211
2015-12-07,7600,37.04999923706055,37.04999923706055,36.84000015258789,36.84000015258789,29.18535614013672
2015-12-04,800,37.2599983215332,37.2599983215332,37.2599983215332,37.2599983215332,29.518089294433594
2015-12-03,4400,37.7400016784668,37.7400016784668,37.23500061035156,37.23500061035156,29.498279571533203
2015-12-02,1500,37.66999816894531,37.66999816894531,37.49100112915039,37.49100112915039,29.70108413696289
2015-12-01,400,37.7400016784668,37.7400016784668,37.7400016784668,37.7400016784668,29.89834976196289
2015-11-30,3600,37.7599983215332,37.790000915527344,37.7599983215332,37.77000045776367,29.922128677368164
2015-11-27,1000,37.72999954223633,37.7400016784668,37.70000076293945,37.7400016784668,29.89834976196289
2015-11-25,2600,37.64099884033203,37.720001220703125,37.64099884033203,37.689998626708984,29.858734130859375
2015-11-24,6400,37.93000030517578,37.93000030517578,37.720001220703125,37.85499954223633,29.854793548583984
2015-11-23,6300,37.939998626708984,38,37.68000030517578,37.750999450683594,29.77275276184082
2015-11-20,2300,38.029998779296875,38.029998779296875,37.959999084472656,37.959999084472656,29.937589645385742
2015-11-19,8100,38.0099983215332,38.0099983215332,37.97999954223633,37.9900016784668,29.961254119873047
2015-11-18,3400,37.9900016784668,38.130001068115234,37.970001220703125,37.97999954223633,29.953367233276367
2015-11-17,700,37.810001373291016,37.880001068115234,37.810001373291016,37.810001373291016,29.819286346435547
2015-11-16,1800,37.77000045776367,37.88999938964844,37.77000045776367,37.88999938964844,29.882383346557617
2015-11-13,3500,37.90999984741211,37.90999984741211,37.7400016784668,37.7599983215332,29.77985954284668
2015-11-12,3100,38.040000915527344,38.040000915527344,37.98899841308594,37.99100112915039,29.96204948425293
2015-11-11,2400,38.150001525878906,38.18000030517578,38.10100173950195,38.16999816894531,30.10321807861328
2015-11-10,900,38.18899917602539,38.198001861572266,38.18899917602539,38.198001861572266,30.12529182434082
2015-11-09,6500,38.720001220703125,38.720001220703125,38.27000045776367,38.27000045776367,30.18206214904785
2015-11-06,5300,38.66999816894531,38.66999816894531,38.54499816894531,38.54499816894531,30.39894676208496
2015-11-05,2500,38.81999969482422,38.81999969482422,38.7400016784668,38.7400016784668,30.552743911743164
2015-11-04,5400,38.880001068115234,38.880001068115234,38.709999084472656,38.709999084472656,30.529090881347656
2015-11-03,5500,38.77000045776367,38.91999816894531,38.75,38.90999984741211,30.686809539794922
2015-11-02,5800,38.470001220703125,38.709999084472656,38.38999938964844,38.709999084472656,30.529090881347656
2015-10-30,5100,38.45600128173828,38.540000915527344,38.45600128173828,38.540000915527344,30.3950138092041
2015-10-29,5400,38.599998474121094,38.630001068115234,38.56999969482422,38.599998474121094,30.442337036132812
2015-10-28,2000,38.63199996948242,38.63600158691406,38.4900016784668,38.59000015258789,30.4344425201416
2015-10-27,1800,38.599998474121094,38.599998474121094,38.5099983215332,38.5099983215332,30.37136459350586
2015-10-26,4400,38.66999816894531,38.689998626708984,38.630001068115234,38.63999938964844,30.473888397216797
2015-10-23,4100,38.849998474121094,38.849998474121094,38.650001525878906,38.7400016784668,30.552743911743164
2015-10-22,5600,38.70000076293945,38.75,38.62699890136719,38.75,30.56062889099121
2015-10-21,700,38.630001068115234,38.630001068115234,38.62200164794922,38.630001068115234,30.465984344482422
2015-10-19,5200,38.470001220703125,38.47999954223633,38.41999816894531,38.459999084472656,30.331918716430664
2015-10-16,5700,38.4900016784668,38.4900016784668,38.19900131225586,38.220001220703125,30.142635345458984
2015-10-15,3400,38.5099983215332,38.5099983215332,38.125999450683594,38.27000045776367,30.18206214904785
2015-10-14,1900,38.15999984741211,38.15999984741211,38.08000183105469,38.08000183105469,30.032236099243164
2015-10-13,2500,38.2599983215332,38.2599983215332,38.189998626708984,38.189998626708984,30.118980407714844
2015-10-09,94300,38.540000915527344,38.540000915527344,38.189998626708984,38.229000091552734,30.149742126464844
2015-10-08,2300,38.15999984741211,38.290000915527344,38.0890007019043,38.290000915527344,30.19783592224121
2015-10-07,4100,37.970001220703125,38.07899856567383,37.95000076293945,38.040000915527344,30.000688552856445
2015-10-06,6400,37.880001068115234,37.880001068115234,37.77000045776367,37.84299850463867,29.845304489135742
2015-10-05,4700,37.41999816894531,37.619998931884766,37.41999816894531,37.619998931884766,29.669437408447266
2015-10-02,200,37.34000015258789,37.34000015258789,37.34000015258789,37.34000015258789,29.448619842529297
2015-10-01,1900,37.39899826049805,37.39899826049805,37.380001068115234,37.380001068115234,29.480165481567383
2015-09-30,3200,37.220001220703125,37.380001068115234,37.209999084472656,37.380001068115234,29.480165481567383
2015-09-29,8400,37.529998779296875,37.529998779296875,37.45000076293945,37.47999954223633,29.41628646850586
2015-09-28,5500,37.810001373291016,37.810001373291016,37.577999114990234,37.58000183105469,29.494779586791992
2015-09-25,13100,38.029998779296875,38.08000183105469,37.970001220703125,37.970001220703125,29.800870895385742
2015-09-24,1100,38.040000915527344,38.040000915527344,37.939998626708984,37.939998626708984,29.777326583862305
2015-09-23,4900,38.06999969482422,38.13999938964844,38.06999969482422,38.11000061035156,29.910741806030273
2015-09-22,5000,38.099998474121094,38.099998474121094,38.077999114990234,38.09000015258789,29.89505386352539
2015-09-21,5500,38.27000045776367,38.279998779296875,38.25,38.27000045776367,30.036317825317383
2015-09-18,2400,38.189998626708984,38.2599983215332,38.189998626708984,38.25,30.020620346069336
2015-09-17,300,38.20000076293945,38.20000076293945,38.20000076293945,38.20000076293945,29.981380462646484
2015-09-16,800,38.16999816894531,38.220001220703125,38.15999984741211,38.220001220703125,29.9970703125
2015-09-15,200,38.2400016784668,38.2400016784668,38.2400016784668,38.2400016784668,30.012775421142578
2015-09-11,300,38.11000061035156,38.11000061035156,38.11000061035156,38.11000061035156,29.910741806030273
2015-09-10,200,38.09000015258789,38.09000015258789,38.09000015258789,38.09000015258789,29.89505386352539
2015-09-03,300,38.06999969482422,38.06999969482422,38.06999969482422,38.06999969482422,29.87934684753418
2015-09-01,1000,38,38,38,38,29.824398040771484
2015-08-31,1500,38.279998779296875,38.305999755859375,38.220001220703125,38.305999755859375,30.064577102661133
2015-08-28,400,38.45000076293945,38.45000076293945,38.45000076293945,38.45000076293945,30.035524368286133
2015-08-27,2600,38.40999984741211,38.439998626708984,38.380001068115234,38.38999938964844,29.98866081237793
2015-08-26,3000,38.220001220703125,38.220001220703125,38.220001220703125,38.220001220703125,29.85586929321289
2015-08-25,1000,38.25,38.4900016784668,38.25,38.4900016784668,30.0667724609375
2015-08-21,200,38.75,38.75,38.75,38.75,30.269868850708008
2015-08-18,800,39.2599983215332,39.2599983215332,39.22999954223633,39.22999954223633,30.644832611083984
2015-08-13,100,39.27000045776367,39.27000045776367,39.27000045776367,39.27000045776367,30.67607879638672
2015-08-10,200,39.41999816894531,39.41999816894531,39.41999816894531,39.41999816894531,30.793243408203125
2015-08-05,100,39.59000015258789,39.59000015258789,39.59000015258789,39.59000015258789,30.926054000854492
2015-07-31,300,39.65999984741211,39.65999984741211,39.65999984741211,39.65999984741211,30.980731964111328
2015-07-30,200,39.75,39.75,39.75,39.75,31.051048278808594
2015-07-29,400,39.54999923706055,39.54999923706055,39.54999923706055,39.54999923706055,30.894821166992188
2015-07-24,200,39.70000076293945,39.70000076293945,39.70000076293945,39.70000076293945,31.011991500854492
2015-07-23,400,39.7400016784668,39.7400016784668,39.720001220703125,39.720001220703125,31.027616500854492
2015-07-22,300,39.869998931884766,39.869998931884766,39.869998931884766,39.869998931884766,31.144775390625
2015-07-21,200,39.981998443603516,39.981998443603516,39.981998443603516,39.981998443603516,31.232271194458008
2015-07-20,200,40.02000045776367,40.02000045776367,40.02000045776367,40.02000045776367,31.261945724487305
2015-07-17,400,40.18000030517578,40.18000030517578,40.150001525878906,40.150001525878906,31.363500595092773
2015-07-13,1200,40.29999923706055,40.29999923706055,40.060001373291016,40.08000183105469,31.308818817138672
